artist,unique_songs,total_chart_days,total_appearances,artist_dominance_index,average_rank,best_rank,average_popularity,peak_daily_slots,peak_daily_dominance_percent,days_with_multiple_songs
Taylor Swift,96,225636,2014,7.270758122743683,24.557100297914598,1,87.09682224428997,31,62.0,316
Zach Bryan,35,584680,1854,6.693140794223827,25.619201725997844,1,86.02211434735706,18,36.0,435
Morgan Wallen,10,520154,1666,6.014440433212996,30.61044417767107,1,85.40576230492196,6,12.0,469
Sabrina Carpenter,14,126738,966,3.487364620938628,17.598343685300208,1,90.19875776397515,12,24.0,177
Drake,35,78320,838,3.0252707581227436,26.25656324582339,1,84.60859188544153,23,46.0,202
Chappell Roan,6,134218,794,2.8664259927797833,20.64735516372796,1,88.66498740554157,6,12.0,181
Travis Scott,31,115312,760,2.743682310469314,25.74473684210526,1,88.58815789473684,18,36.0,157
Billie Eilish,12,91245,729,2.631768953068592,20.362139917695472,2,92.77091906721536,10,20.0,187
"Tyler, The Creator",16,202137,705,2.545126353790614,25.259574468085106,1,88.39432624113475,16,32.0,36
SZA,3,153894,646,2.3321299638989172,26.238390092879257,3,91.6687306501548,2,4.0,246
Olivia Rodrigo,18,77524,564,2.036101083032491,21.49468085106383,1,90.25,12,24.0,91
Benson Boone,3,132449,505,1.8231046931407942,23.69108910891089,1,89.3029702970297,3,6.0,197
Noah Kahan,8,171199,449,1.6209386281588447,18.85523385300668,1,90.16035634743875,6,12.0,8
Doja Cat,4,69345,393,1.4187725631768953,19.46055979643766,1,84.61323155216284,3,6.0,155
Luke Combs,6,50380,370,1.3357400722021662,28.05135135135135,3,86.55405405405405,3,6.0,33
Kendrick Lamar,20,46400,368,1.3285198555956679,17.054347826086957,1,87.7336956521739,13,26.0,62
Future & Metro Boomin,19,37041,351,1.2671480144404332,23.03988603988604,1,84.86324786324786,16,32.0,85
Teddy Swims,1,107584,328,1.184115523465704,23.536585365853657,5,90.90853658536585,1,2.0,0
Tate McRae,5,51753,319,1.151624548736462,21.269592476489027,3,91.86833855799372,3,6.0,67
Peso Pluma,11,27476,312,1.1263537906137184,32.53846153846154,7,88.67948717948718,5,10.0,51
Ariana Grande,15,18103,311,1.1227436823104693,21.485530546623796,1,88.82315112540194,13,26.0,23
Gunna,5,60334,310,1.1191335740072201,20.738709677419354,1,91.0741935483871,2,4.0,2
J. Cole,13,73580,304,1.0974729241877257,33.44407894736842,3,88.76973684210526,12,24.0,6
Bad Bunny,22,15283,289,1.0433212996389891,22.764705882352942,1,85.34602076124567,21,42.0,36
Post Malone,27,13969,285,1.0288808664259927,26.042105263157893,1,77.91578947368421,17,34.0,27
Tommy Richman,3,44748,266,0.96028880866426,18.342105263157894,1,88.41353383458646,2,4.0,60
Hozier,4,52906,234,0.8447653429602887,16.71794871794872,1,82.71794871794872,4,8.0,2
Metro Boomin,9,8177,233,0.8411552346570397,30.446351931330472,4,90.11587982832619,8,16.0,48
Shaboozey,1,51076,226,0.8158844765342961,10.765486725663717,1,85.39380530973452,1,2.0,0
Mitski,1,49729,223,0.8050541516245487,16.573991031390136,2,95.02690582959642,1,2.0,0
Frank Ocean,2,46692,222,0.8014440433212996,39.734234234234236,23,89.74774774774775,2,4.0,6
Dasha,2,22052,198,0.7148014440433212,32.05555555555556,14,88.48484848484848,1,2.0,0
21 Savage,13,14382,198,0.7148014440433212,20.242424242424242,2,89.08080808080808,13,26.0,27
Beyoncé,25,4860,188,0.6787003610108303,23.420212765957448,1,70.54255319148936,23,46.0,18
Lil Tecca,3,34227,187,0.6750902527075813,25.06951871657754,12,82.80213903743315,3,6.0,1
Xavi,3,16002,184,0.6642599277978339,22.097826086956523,5,95.59782608695652,2,4.0,79
Fuerza Regida,4,10297,183,0.6606498194945848,30.40983606557377,8,92.14207650273224,2,4.0,34
The Neighbourhood,1,33489,183,0.6606498194945848,37.24590163934426,21,90.93442622950819,1,2.0,0
¥$ & Kanye West & Ty Dolla $ign,18,11189,173,0.6245487364620939,22.416184971098264,1,78.47976878612717,12,24.0,25
Gracie Abrams,4,12765,171,0.6173285198555957,23.035087719298247,1,85.47368421052632,2,4.0,46
Eslabon Armado,1,28900,170,0.6137184115523465,18.96470588235294,1,89.67647058823529,1,2.0,0
Jack Harlow,1,24336,156,0.5631768953068592,10.75,1,94.94871794871794,1,2.0,0
KAROL G,6,10054,154,0.555956678700361,35.05844155844156,13,89.6948051948052,4,8.0,12
The Kid LAROI,2,21613,149,0.5379061371841155,31.684563758389263,20,87.47651006711409,2,4.0,2
Djo,1,21609,147,0.5306859205776173,25.517006802721088,3,94.7687074829932,1,2.0,0
Kali Uchis,2,12250,140,0.5054151624548736,36.207142857142856,6,88.02857142857142,1,2.0,0
Jimin,2,16645,131,0.4729241877256317,8.274809160305344,1,92.66412213740458,1,2.0,0
Eminem,17,4263,129,0.4657039711191336,23.62015503875969,2,81.45736434108527,17,34.0,10
Michael Marcagi,1,16129,127,0.45848375451263534,38.976377952755904,13,89.14173228346456,1,2.0,0
Lil Durk,4,8367,121,0.4368231046931408,22.165289256198346,3,82.88429752066116,4,8.0,31
Lil Uzi Vert,35,1908,118,0.42599277978339356,29.983050847457626,2,78.41525423728814,25,50.0,8
FloyyMenor & Cris Mj,1,12769,113,0.40794223826714804,31.02654867256637,13,96.22123893805309,1,2.0,0
Yng Lvcas & Peso Pluma,1,12769,113,0.40794223826714804,23.831858407079647,6,98.00884955752213,1,2.0,0
Dua Lipa,4,4386,112,0.4043321299638989,24.419642857142858,8,93.33928571428571,2,4.0,2
JID,1,11881,109,0.39350180505415167,25.495412844036696,9,92.1743119266055,1,2.0,0
Charli xcx,6,4217,109,0.39350180505415167,33.559633027522935,8,84.92660550458716,4,8.0,42
Artemas,2,10036,106,0.38267148014440433,20.71698113207547,3,95.61320754716981,2,4.0,6
Nicki Minaj & Ice Spice & Aqua,1,10816,104,0.37545126353790614,18.75,1,92.00961538461539,1,2.0,0
Lady Gaga & Bruno Mars,1,10609,103,0.37184115523465705,3.466019417475728,1,96.80582524271844,1,2.0,0
Nicki Minaj,11,3884,102,0.36823104693140796,26.098039215686274,6,83.90196078431373,9,18.0,32
PinkPantheress & Ice Spice,1,10000,100,0.36101083032490977,24.87,9,94.21,1,2.0,0
Miley Cyrus,3,6114,100,0.36101083032490977,27.04,4,87.56,2,4.0,3
The Weeknd,5,3164,100,0.36101083032490977,39.3,10,83.69,2,4.0,16
Post Malone & Morgan Wallen,1,9025,95,0.34296028880866425,3.905263157894737,1,93.91578947368421,1,2.0,0
Gigi Perez,1,8836,94,0.33935018050541516,14.77659574468085,3,85.72340425531915,1,2.0,0
Kanye West,2,4469,93,0.33574007220216606,41.38709677419355,24,90.24731182795699,2,4.0,33
Harry Styles,1,8464,92,0.33212996389891697,33.71739130434783,23,92.78260869565217,1,2.0,0
TV Girl,2,4981,91,0.3285198555956679,43.18681318681319,35,89.71428571428571,2,4.0,25
Bryson Tiller,2,6184,88,0.3176895306859206,23.28409090909091,4,85.0,1,2.0,0
Kenya Grace,1,6889,83,0.29963898916967513,33.24096385542169,15,95.79518072289157,1,2.0,0
Jung Kook & Latto,1,6561,81,0.2924187725631769,22.358024691358025,1,98.65432098765432,1,2.0,0
Rich Amiri,1,6400,80,0.2888086642599278,24.9125,13,85.675,1,2.0,0
Grupo Frontera & Bad Bunny,1,6241,79,0.2851985559566787,13.329113924050633,3,99.20253164556962,1,2.0,0
Mariah Carey,2,5626,76,0.2743682310469314,17.657894736842106,2,90.96052631578948,2,4.0,1
Myles Smith,1,5776,76,0.2743682310469314,37.43421052631579,23,90.75,1,2.0,0
Flo Milli,1,5625,75,0.2707581227436823,17.906666666666666,5,87.2,1,2.0,0
FIFTY FIFTY,1,5041,71,0.25631768953068595,25.746478873239436,7,98.19718309859155,1,2.0,0
Michael Bublé,2,2525,71,0.25631768953068595,19.464788732394368,9,81.74647887323944,2,4.0,34
Junior H & Peso Pluma,1,4900,70,0.2527075812274368,30.84285714285714,21,94.92857142857143,1,2.0,0
Charli xcx & Billie Eilish,2,4365,69,0.24909747292418774,26.130434782608695,4,90.78260869565217,1,2.0,0
Don Toliver,6,2504,68,0.24548736462093862,39.05882352941177,9,81.0,2,4.0,2
Bailey Zimmerman,1,4489,67,0.24187725631768953,33.88059701492537,21,85.26865671641791,1,2.0,0
Nat King Cole,4,1541,65,0.23465703971119134,27.923076923076923,10,83.58461538461539,3,6.0,27
Wham!,1,3969,63,0.22743682310469313,19.666666666666668,4,79.76190476190476,1,2.0,0
Frank Sinatra,4,1698,62,0.22382671480144406,33.16129032258065,17,85.95161290322581,4,8.0,23
Brenda Lee,1,3721,61,0.22021660649819494,12.80327868852459,1,89.65573770491804,1,2.0,0
NewJeans,4,2635,61,0.22021660649819494,26.901639344262296,9,90.11475409836065,4,8.0,4
Steve Lacy,2,1885,61,0.22021660649819494,44.885245901639344,35,87.04918032786885,1,2.0,0
GloRilla,4,1293,61,0.22021660649819494,39.81967213114754,22,76.88524590163935,2,4.0,1
The Weeknd & Playboi Carti,1,3600,60,0.21660649819494585,10.083333333333334,1,90.7,1,2.0,0
Hanumankind & Kalmi,1,3481,59,0.21299638989169678,28.16949152542373,13,89.77966101694915,1,2.0,0
BigXthaPlug,1,3364,58,0.20938628158844763,42.206896551724135,31,80.32758620689656,1,2.0,0
Sexyy Red,1,3136,56,0.20216606498194944,36.42857142857143,26,79.41071428571429,1,2.0,0
Bing Crosby & Fred Astaire,1,3136,56,0.20216606498194944,25.285714285714285,11,82.82142857142857,1,2.0,0
David Kushner,2,3026,56,0.20216606498194944,37.19642857142857,17,96.96428571428571,1,2.0,0
Megan Thee Stallion,3,1594,56,0.20216606498194944,30.75,1,82.39285714285714,1,2.0,0
Calle 24 & Chino Pacas & Fuerza Regida,1,3136,56,0.20216606498194944,44.589285714285715,36,93.92857142857143,1,2.0,0
Richy Mitch & The Coal Miners,1,2916,54,0.19494584837545126,42.98148148148148,32,88.92592592592592,1,2.0,0
Bobby Helms,1,2916,54,0.19494584837545126,13.74074074074074,2,87.18518518518519,1,2.0,0
The Marías,2,2708,54,0.19494584837545126,36.77777777777778,17,80.0925925925926,2,4.0,2
Oliver Anthony Music,1,2916,54,0.19494584837545126,15.722222222222221,1,86.64814814814815,1,2.0,0
Kanye West & Ty Dolla $ign,16,188,54,0.19494584837545126,19.333333333333332,1,79.94444444444444,16,32.0,4
The Weeknd & JENNIE & Lily-Rose Depp,1,2809,53,0.19133574007220217,30.41509433962264,15,96.01886792452831,1,2.0,0
Good Neighbours,1,2704,52,0.18772563176895307,40.17307692307692,27,84.48076923076923,1,2.0,0
Rema,1,2704,52,0.18772563176895307,42.55769230769231,35,81.40384615384616,1,2.0,0
4batz,1,2704,52,0.18772563176895307,37.09615384615385,25,85.09615384615384,1,2.0,0
Tyla,1,2704,52,0.18772563176895307,31.423076923076923,11,94.36538461538461,1,2.0,0
Myke Towers,1,2401,49,0.1768953068592058,38.02040816326531,29,98.6938775510204,1,2.0,0
NLE Choppa,3,1262,48,0.17328519855595667,38.166666666666664,17,73.39583333333333,1,2.0,0
Ice Spice,2,1314,48,0.17328519855595667,36.8125,14,81.75,1,2.0,0
Bizarrap & Peso Pluma,1,2116,46,0.16606498194945848,23.456521739130434,3,95.43478260869566,1,2.0,0
Andy Williams,2,1780,46,0.16606498194945848,15.065217391304348,4,76.23913043478261,2,4.0,4
Dean Martin,2,1773,45,0.1624548736462094,17.11111111111111,6,89.91111111111111,2,4.0,3
The Weeknd & Madonna,2,1053,45,0.1624548736462094,26.044444444444444,15,94.17777777777778,1,2.0,0
Hotel Ugly,1,2025,45,0.1624548736462094,46.355555555555554,41,89.24444444444444,1,2.0,0
Burl Ives,2,1433,45,0.1624548736462094,18.133333333333333,7,87.37777777777778,2,4.0,8
Peso Pluma & Natanael Cano,1,1936,44,0.1588447653429603,27.931818181818183,12,95.27272727272727,1,2.0,0
Kali,1,1849,43,0.1552346570397112,18.046511627906977,12,88.02325581395348,1,2.0,0
YG Marley,1,1681,41,0.148014440433213,34.73170731707317,21,92.85365853658537,1,2.0,0
JVKE,1,1600,40,0.1444043321299639,43.1,31,90.3,1,2.0,0
Oscar Maydon & Fuerza Regida,1,1521,39,0.1407942238267148,23.58974358974359,11,91.33333333333333,1,2.0,0
ROSÉ & Bruno Mars,1,1521,39,0.1407942238267148,9.051282051282051,1,94.71794871794872,1,2.0,0
Kelly Clarkson,2,1172,38,0.1371841155234657,22.92105263157895,10,83.47368421052632,2,4.0,4
Yeat,1,1369,37,0.13357400722021662,23.405405405405407,14,83.86486486486487,1,2.0,0
Perry Como,2,1160,36,0.1299638989169675,27.88888888888889,15,86.02777777777777,2,4.0,2
Olivia Rodrigo & Rachel Zegler & Flatland Cavalry,1,1225,35,0.1263537906137184,36.51428571428571,13,78.77142857142857,1,2.0,0
Noah Kahan & Post Malone,1,1225,35,0.1263537906137184,32.8,4,84.65714285714286,1,2.0,0
Natanael Cano & Peso Pluma & Gabito Ballesteros,1,1156,34,0.12274368231046931,33.05882352941177,20,94.23529411764706,1,2.0,0
José Feliciano,1,1156,34,0.12274368231046931,20.38235294117647,8,84.82352941176471,1,2.0,0
The Ronettes,1,1156,34,0.12274368231046931,19.38235294117647,9,79.94117647058823,1,2.0,0
Central Cee & Lil Baby,1,1156,34,0.12274368231046931,24.91176470588235,11,86.61764705882354,1,2.0,0
Elvis Presley,2,909,33,0.11913357400722023,34.54545454545455,16,86.03030303030303,2,4.0,3
Travis Scott & Bad Bunny & The Weeknd,1,1089,33,0.11913357400722023,18.90909090909091,2,87.18181818181819,1,2.0,0
Lay Bankz,1,1089,33,0.11913357400722023,34.75757575757576,16,87.0909090909091,1,2.0,0
Chino Pacas,1,1024,32,0.11552346570397112,43.0625,31,91.6875,1,2.0,0
Darlene Love,1,961,31,0.11191335740072203,34.45161290322581,20,81.64516129032258,1,2.0,0
Sophie Ellis-Bextor,1,961,31,0.11191335740072203,35.193548387096776,20,87.61290322580645,1,2.0,0
Charli XCX,1,900,30,0.10830324909747292,37.333333333333336,23,87.93333333333334,1,2.0,0
Addison Rae,1,841,29,0.10469314079422382,38.86206896551724,26,87.37931034482759,1,2.0,0
Justin Bieber,1,841,29,0.10469314079422382,40.0,29,89.86206896551724,1,2.0,0
Post Malone & Blake Shelton,1,784,28,0.10108303249097472,25.428571428571427,9,80.78571428571429,1,2.0,0
Laufey,2,592,28,0.10108303249097472,44.107142857142854,30,82.82142857142857,1,2.0,0
Peso Pluma & Anitta,1,729,27,0.09747292418772563,42.407407407407405,30,92.77777777777777,1,2.0,0
Koe Wetzel & Jessie Murph,1,676,26,0.09386281588447654,31.807692307692307,17,75.46153846153847,1,2.0,0
d4vd,2,500,26,0.09386281588447654,46.0,32,89.42307692307692,1,2.0,0
Eartha Kitt,1,529,23,0.08303249097472924,30.565217391304348,18,77.30434782608695,1,2.0,0
Bing Crosby,3,337,23,0.08303249097472924,39.65217391304348,23,82.34782608695652,3,6.0,3
The Beach Boys,1,484,22,0.07942238267148015,31.5,18,82.5909090909091,1,2.0,0
Grupo Frontera,1,441,21,0.07581227436823104,43.19047619047619,21,71.19047619047619,1,2.0,0
Drake & SZA,1,441,21,0.07581227436823104,9.761904761904763,1,83.38095238095238,1,2.0,0
Troye Sivan,2,200,20,0.07220216606498195,37.6,24,83.7,1,2.0,0
Chuck Berry,1,400,20,0.07220216606498195,32.65,21,86.2,1,2.0,0
Playboi Carti,1,400,20,0.07220216606498195,18.3,1,89.25,1,2.0,0
Post Malone & Luke Combs,1,400,20,0.07220216606498195,23.05,9,80.5,1,2.0,0
Jung Kook,2,232,20,0.07220216606498195,26.7,17,79.95,2,4.0,6
Quavo & Lana Del Rey,1,400,20,0.07220216606498195,28.45,15,84.35,1,2.0,0
Linkin Park,3,261,19,0.06859205776173286,35.0,17,85.63157894736842,2,4.0,2
Drake & 21 Savage,1,324,18,0.06498194945848375,44.05555555555556,38,90.0,1,2.0,0
Ella Langley & Riley Green,1,324,18,0.06498194945848375,36.611111111111114,22,78.77777777777777,1,2.0,0
Brent Faiyaz,1,324,18,0.06498194945848375,43.388888888888886,34,85.55555555555556,1,2.0,0
Ice Spice & Central Cee,1,289,17,0.061371841155234655,38.64705882352941,28,83.88235294117646,1,2.0,0
Future,8,57,17,0.061371841155234655,33.94117647058823,10,71.82352941176471,8,16.0,3
Toby Keith,6,81,17,0.061371841155234655,24.764705882352942,5,75.11764705882354,6,12.0,2
Arctic Monkeys,1,289,17,0.061371841155234655,43.76470588235294,36,80.17647058823529,1,2.0,0
Young Thug,10,73,17,0.061371841155234655,22.529411764705884,3,74.88235294117646,10,20.0,1
*NSYNC,1,256,16,0.05776173285198556,36.3125,24,85.25,1,2.0,0
One Direction,2,136,16,0.05776173285198556,33.625,16,86.75,2,4.0,6
Miguel,1,256,16,0.05776173285198556,43.625,35,90.875,1,2.0,0
Lana Del Rey,1,225,15,0.05415162454873646,39.6,10,86.66666666666667,1,2.0,0
USHER,5,79,15,0.05415162454873646,33.4,8,86.26666666666667,5,10.0,4
Lil Mabu,1,196,14,0.05054151624548736,27.928571428571427,10,86.5,1,2.0,0
Jimin & Loco,1,196,14,0.05054151624548736,40.714285714285715,24,88.64285714285714,1,2.0,0
Zach Bryan & Noah Kahan,1,169,13,0.04693140794223827,24.076923076923077,4,66.07692307692308,1,2.0,0
4batz & Drake,1,169,13,0.04693140794223827,33.23076923076923,16,82.3076923076923,1,2.0,0
Tucker Wetmore,1,169,13,0.04693140794223827,46.07692307692308,41,71.6923076923077,1,2.0,0
Paul McCartney,1,169,13,0.04693140794223827,38.0,26,90.61538461538461,1,2.0,0
Vince Guaraldi Trio,1,144,12,0.04332129963898917,39.75,27,82.91666666666667,1,2.0,0
Jung Kook & Jack Harlow,1,144,12,0.04332129963898917,26.333333333333332,9,66.25,1,2.0,0
Fleetwood Mac,1,144,12,0.04332129963898917,44.0,38,88.66666666666667,1,2.0,0
Eagles,1,144,12,0.04332129963898917,38.416666666666664,24,87.33333333333333,1,2.0,0
ILLIT,1,144,12,0.04332129963898917,43.666666666666664,35,90.33333333333333,1,2.0,0
girl in red,1,121,11,0.039711191335740074,46.63636363636363,38,86.72727272727273,1,2.0,0
Selena Gomez,1,100,10,0.036101083032490974,35.6,21,75.8,1,2.0,0
Rauw Alejandro,2,82,10,0.036101083032490974,36.5,14,78.7,2,4.0,1
Lil Durk & J. Cole,1,100,10,0.036101083032490974,4.5,3,87.2,1,2.0,0
Kaliii,1,100,10,0.036101083032490974,40.0,24,91.0,1,2.0,0
The Weeknd & Playboi Carti & Madonna,2,45,9,0.032490974729241874,22.11111111111111,3,83.0,1,2.0,0
Cardi B & Megan Thee Stallion,1,81,9,0.032490974729241874,36.666666666666664,26,78.66666666666667,1,2.0,0
Bruce Springsteen,2,41,9,0.032490974729241874,27.444444444444443,8,82.33333333333333,1,2.0,0
Tito Double P,1,81,9,0.032490974729241874,48.0,45,88.0,1,2.0,0
"Bobby ""Boris"" Pickett & The Crypt-Kickers",1,64,8,0.02888086642599278,26.25,2,77.75,1,2.0,0
Noah Kahan & Hozier,1,64,8,0.02888086642599278,21.75,2,71.625,1,2.0,0
Ryan Gosling,1,64,8,0.02888086642599278,43.125,29,74.5,1,2.0,0
Zach Bryan & Bon Iver,1,64,8,0.02888086642599278,25.75,13,55.5,1,2.0,0
Tainy,1,64,8,0.02888086642599278,29.75,23,85.75,1,2.0,0
Eminem & Big Sean & BabyTron,1,64,8,0.02888086642599278,32.875,15,77.75,1,2.0,0
The Jackson 5,2,34,8,0.02888086642599278,40.25,33,85.5,2,4.0,3
Jason Aldean,1,49,7,0.02527075812274368,12.142857142857142,6,77.28571428571429,1,2.0,0
Mustard & Travis Scott,1,49,7,0.02527075812274368,38.142857142857146,29,70.71428571428571,1,2.0,0
Jimmy Buffett,4,15,7,0.02527075812274368,30.142857142857142,6,65.85714285714286,4,8.0,2
Tyler Childers,1,49,7,0.02527075812274368,43.142857142857146,37,72.42857142857143,1,2.0,0
Childish Gambino,1,49,7,0.02527075812274368,42.0,28,69.28571428571429,1,2.0,0
Various Artists,2,37,7,0.02527075812274368,21.714285714285715,4,62.42857142857143,2,4.0,1
Koe Wetzel,2,25,7,0.02527075812274368,45.285714285714285,42,68.71428571428571,1,2.0,0
Lyrical Lemonade & Juice WRLD & Cordae,1,49,7,0.02527075812274368,39.285714285714285,28,76.85714285714286,1,2.0,0
Jordan Adetunji,1,49,7,0.02527075812274368,44.857142857142854,43,87.71428571428571,1,2.0,0
Zac Brown Band,2,20,6,0.021660649819494584,31.666666666666668,10,80.66666666666667,1,2.0,0
Michael Jackson,2,26,6,0.021660649819494584,24.833333333333332,7,70.66666666666667,2,4.0,1
Offset,1,36,6,0.021660649819494584,31.166666666666668,25,64.5,1,2.0,0
Megan Thee Stallion & RM,1,36,6,0.021660649819494584,44.166666666666664,38,80.0,1,2.0,0
John Lennon,1,36,6,0.021660649819494584,38.333333333333336,32,92.0,1,2.0,0
Surf Curse,1,36,6,0.021660649819494584,41.333333333333336,37,82.33333333333333,1,2.0,0
Donny Hathaway,1,25,5,0.018050541516245487,35.8,30,74.0,1,2.0,0
$uicideboy$,1,25,5,0.018050541516245487,40.6,24,57.0,1,2.0,0
Cardi B,1,25,5,0.018050541516245487,33.0,28,69.0,1,2.0,0
Camila Cabello & Playboi Carti,1,25,5,0.018050541516245487,41.2,31,80.8,1,2.0,0
Ray Parker Jr.,1,25,5,0.018050541516245487,26.6,1,72.6,1,2.0,0
Sia,1,25,5,0.018050541516245487,43.6,38,94.0,1,2.0,0
Juice WRLD & Eminem & benny blanco,1,25,5,0.018050541516245487,38.4,32,78.8,1,2.0,0
Wicked Movie Cast & Cynthia Erivo & Ariana Grande,3,11,5,0.018050541516245487,38.6,22,74.0,3,6.0,1
Beyoncé & Kendrick Lamar,1,16,4,0.01444043321299639,22.25,12,72.0,1,2.0,0
Band Aid,1,16,4,0.01444043321299639,41.5,39,89.0,1,2.0,0
Zach Bryan & Maggie Rogers,1,16,4,0.01444043321299639,49.5,49,84.0,1,2.0,0
Lady Gaga,2,10,4,0.01444043321299639,29.5,16,74.5,1,2.0,0
Peso Pluma & Tito Double P & Joel De La P,1,16,4,0.01444043321299639,45.25,42,60.5,1,2.0,0
Gene Autry,1,16,4,0.01444043321299639,36.25,35,86.0,1,2.0,0
Tom Petty and the Heartbreakers,1,16,4,0.01444043321299639,22.5,11,75.0,1,2.0,0
Creedence Clearwater Revival,1,16,4,0.01444043321299639,37.25,30,86.5,1,2.0,0
Chris Stapleton,2,8,4,0.01444043321299639,40.75,35,63.5,1,2.0,0
Toosii & Future,1,16,4,0.01444043321299639,41.5,34,56.5,1,2.0,0
The Beatles,1,16,4,0.01444043321299639,34.5,24,79.5,1,2.0,0
Andrew Gold,2,5,3,0.010830324909747292,24.666666666666668,11,75.33333333333333,2,4.0,1
Katy Perry,1,9,3,0.010830324909747292,20.0,18,73.66666666666667,1,2.0,0
Jessie Murph & Jelly Roll,1,9,3,0.010830324909747292,46.666666666666664,46,84.0,1,2.0,0
Gayla Peevey,1,9,3,0.010830324909747292,44.333333333333336,44,83.0,1,2.0,0
The Killers,1,9,3,0.010830324909747292,33.0,21,86.66666666666667,1,2.0,0
Rockwell,1,9,3,0.010830324909747292,19.333333333333332,7,78.33333333333333,1,2.0,0
Don McLean,1,9,3,0.010830324909747292,24.666666666666668,15,80.0,1,2.0,0
"Earth, Wind & Fire & sped up + slowed",1,9,3,0.010830324909747292,19.666666666666668,12,83.33333333333333,1,2.0,0
Van Morrison,1,9,3,0.010830324909747292,40.0,29,85.0,1,2.0,0
Moneybagg Yo,1,9,3,0.010830324909747292,39.666666666666664,38,64.33333333333333,1,2.0,0
Lynyrd Skynyrd,1,9,3,0.010830324909747292,33.0,26,84.33333333333333,1,2.0,0
Kenny Chesney,1,9,3,0.010830324909747292,43.666666666666664,43,78.0,1,2.0,0
Lil Uzi Vert & sped up nightcore & ARIZONATEARS,1,9,3,0.010830324909747292,47.0,46,89.0,1,2.0,0
OneRepublic,1,9,3,0.010830324909747292,45.666666666666664,43,95.0,1,2.0,0
Myke Towers & Bad Bunny,1,9,3,0.010830324909747292,40.666666666666664,36,85.0,1,2.0,0
Mark Ambor,1,9,3,0.010830324909747292,48.0,47,93.0,1,2.0,0
Dominic Fike,1,4,2,0.007220216606498195,47.5,47,85.0,1,2.0,0
Ivan Cornejo,2,2,2,0.007220216606498195,41.5,37,33.0,1,2.0,0
Alan Jackson,1,4,2,0.007220216606498195,24.0,12,66.0,1,2.0,0
Toosii,1,4,2,0.007220216606498195,50.0,50,86.0,1,2.0,0
mgk & Jelly Roll,1,4,2,0.007220216606498195,49.0,49,52.5,1,2.0,0
Charli xcx & Lorde,1,4,2,0.007220216606498195,25.0,25,33.5,1,2.0,0
Darius Rucker,1,4,2,0.007220216606498195,41.0,41,83.0,1,2.0,0
Daryl Hall & John Oates,1,4,2,0.007220216606498195,35.0,30,83.0,1,2.0,0
Conan Gray,1,4,2,0.007220216606498195,45.0,42,88.5,1,2.0,0
Jung Kook & Latto & BTS,1,4,2,0.007220216606498195,4.0,4,92.0,1,2.0,0
Ice Spice & Nicki Minaj,1,4,2,0.007220216606498195,49.0,49,87.0,1,2.0,0
Kacey Musgraves,1,4,2,0.007220216606498195,38.0,28,65.0,1,2.0,0
KSI & Trippie Redd,1,4,2,0.007220216606498195,48.0,46,75.0,1,2.0,0
Ken Carson,1,4,2,0.007220216606498195,47.0,47,0.0,1,2.0,0
Rod Wave,2,2,2,0.007220216606498195,38.0,33,33.0,1,2.0,0
Rihanna,2,2,2,0.007220216606498195,41.0,38,82.0,1,2.0,0
Justin Timberlake,1,4,2,0.007220216606498195,44.0,44,73.0,1,2.0,0
Kid Rock,1,4,2,0.007220216606498195,28.0,28,78.5,1,2.0,0
John Denver,1,4,2,0.007220216606498195,42.0,42,78.5,1,2.0,0
Dj Agus Lima,1,4,2,0.007220216606498195,26.0,26,24.0,1,2.0,0
Thomas Rhett,1,4,2,0.007220216606498195,13.0,13,12.5,1,2.0,0
Peso Pluma & Junior H & Oscar Maydon,1,1,1,0.0036101083032490976,32.0,32,0.0,1,2.0,0
blink-182,1,1,1,0.0036101083032490976,40.0,40,0.0,1,2.0,0
beabadoobee & Laufey,1,1,1,0.0036101083032490976,32.0,32,0.0,1,2.0,0
Bill Withers,1,1,1,0.0036101083032490976,49.0,49,86.0,1,2.0,0
André 3000,1,1,1,0.0036101083032490976,31.0,31,37.0,1,2.0,0
BTS,1,1,1,0.0036101083032490976,17.0,17,83.0,1,2.0,0
Peso Pluma & Junior H & Eslabon Armado,1,1,1,0.0036101083032490976,42.0,42,70.0,1,2.0,0
Paul Russell,1,1,1,0.0036101083032490976,36.0,36,87.0,1,2.0,0
leftovermax,1,1,1,0.0036101083032490976,37.0,37,95.0,1,2.0,0
Rick James,1,1,1,0.0036101083032490976,35.0,35,76.0,1,2.0,0
Noah Kahan & Kacey Musgraves,1,1,1,0.0036101083032490976,46.0,46,31.0,1,2.0,0
Pharrell Williams & Miley Cyrus,1,1,1,0.0036101083032490976,45.0,45,73.0,1,2.0,0
Marvin Gaye & Tammi Terrell,1,1,1,0.0036101083032490976,50.0,50,87.0,1,2.0,0
KAROL G & Feid & DFZM,1,1,1,0.0036101083032490976,47.0,47,69.0,1,2.0,0
Juice WRLD,1,1,1,0.0036101083032490976,49.0,49,68.0,1,2.0,0
Stromae & Pomme & Arcane,1,1,1,0.0036101083032490976,36.0,36,77.0,1,2.0,0
Talking Heads,1,1,1,0.0036101083032490976,46.0,46,78.0,1,2.0,0
Kendrick Lamar & SZA,1,1,1,0.0036101083032490976,46.0,46,87.0,1,2.0,0
SZA & Justin Bieber,1,1,1,0.0036101083032490976,36.0,36,0.0,1,2.0,0
Luis R Conriquez & Neton Vega,1,1,1,0.0036101083032490976,50.0,50,89.0,1,2.0,0
The Kid LAROI & Jung Kook & Central Cee,1,1,1,0.0036101083032490976,33.0,33,55.0,1,2.0,0
Drake & Central Cee,1,1,1,0.0036101083032490976,46.0,46,72.0,1,2.0,0
The Living Tombstone,1,1,1,0.0036101083032490976,43.0,43,71.0,1,2.0,0
J Hus & Drake,1,1,1,0.0036101083032490976,31.0,31,77.0,1,2.0,0
Charli xcx & Troye Sivan,1,1,1,0.0036101083032490976,46.0,46,72.0,1,2.0,0
Dropkick Murphys,1,1,1,0.0036101083032490976,48.0,48,74.0,1,2.0,0
Bonnie Tyler,1,1,1,0.0036101083032490976,36.0,36,80.0,1,2.0,0
Blue Öyster Cult,1,1,1,0.0036101083032490976,50.0,50,77.0,1,2.0,0
Twenty One Pilots,1,1,1,0.0036101083032490976,48.0,48,76.0,1,2.0,0
