date,average_position,median_position,average_popularity,median_popularity,position_volatility,popularity_volatility,unique_songs,unique_artists,top_10_share,top_20_share
2024-05-18,25.5,25.5,90.06,90.0,14.577379737113253,4.933889470399844,50,39,0.2,0.4
2024-05-19,25.5,25.5,90.0,90.0,14.577379737113251,4.8906407910353416,50,40,0.2,0.4
2024-05-20,25.5,25.5,90.04,90.0,14.577379737113251,4.844352908494675,50,40,0.2,0.4
2024-05-21,25.5,25.5,88.68,90.0,14.577379737113253,7.825755489381959,50,39,0.2,0.4
2024-05-22,25.5,25.5,88.16,90.0,14.577379737113251,8.242151492449638,50,41,0.2,0.4
2024-05-23,25.5,25.5,88.58,90.0,14.577379737113253,7.453502121657377,50,41,0.2,0.4
2024-05-24,25.5,25.5,89.02,90.0,14.577379737113251,6.807828626826978,50,41,0.2,0.4
2024-05-25,25.5,25.5,89.82,90.0,14.577379737113253,5.243810734609723,50,41,0.2,0.4
2024-05-26,25.5,25.5,89.96,90.0,14.577379737113247,5.022236269119279,50,41,0.2,0.4
2024-05-27,25.5,25.5,89.84,90.0,14.577379737113253,5.0522171330202825,50,40,0.2,0.4
2024-05-28,25.5,25.5,87.86,90.0,14.577379737113251,7.559316457598691,50,37,0.2,0.4
2024-05-29,25.5,25.5,88.84,90.0,14.577379737113251,6.085647216263549,50,36,0.2,0.4
2024-05-30,25.5,25.5,89.0,90.0,14.577379737113251,5.795846507171656,50,35,0.2,0.4
2024-05-31,25.5,25.5,89.5,90.0,14.577379737113247,5.3423605575186155,50,37,0.2,0.4
2024-06-01,25.5,25.5,89.94,90.0,14.577379737113247,5.072575323064533,50,38,0.2,0.4
2024-06-02,25.5,25.5,90.02,90.0,14.577379737113251,4.987699154634614,50,38,0.2,0.4
2024-06-03,25.5,25.5,89.66,90.0,14.577379737113253,5.065328323061413,50,40,0.2,0.4
2024-06-04,25.5,25.5,88.02,89.5,14.577379737113253,7.590246157714117,50,36,0.2,0.4
2024-06-05,25.5,25.5,89.0,90.0,14.577379737113255,6.101187572589321,50,37,0.2,0.4
2024-06-06,25.5,25.5,89.1,90.0,14.577379737113251,5.897941529526574,50,37,0.2,0.4
2024-06-07,25.5,25.5,89.4,90.0,14.577379737113251,5.558593273812493,50,36,0.2,0.4
2024-06-08,25.5,25.5,89.72,90.0,14.577379737113251,5.2178656986338385,50,35,0.2,0.4
2024-06-09,25.5,25.5,89.96,90.0,14.577379737113251,5.078807509079836,50,35,0.2,0.4
2024-06-10,25.5,25.5,90.22,90.5,14.577379737113251,4.845742924443673,50,36,0.2,0.4
2024-06-11,25.5,25.5,87.58,89.0,14.577379737113251,9.372321386042266,50,33,0.2,0.4
2024-06-12,25.5,25.5,90.1,90.0,14.577379737113251,5.214774928126851,50,36,0.2,0.4
2024-06-13,25.5,25.5,90.28,90.0,14.577379737113251,5.135073474823582,50,36,0.2,0.4
2024-06-14,25.5,25.5,90.74,90.5,14.577379737113251,4.745825233071393,50,35,0.2,0.4
2024-06-15,25.5,25.5,90.9,90.5,14.577379737113255,4.65657314657332,50,35,0.2,0.4
2024-06-16,25.5,25.5,90.76,91.0,14.577379737113247,4.813077423615194,50,37,0.2,0.4
2024-06-17,25.5,25.5,90.86,91.0,14.577379737113251,4.703494141896761,50,36,0.2,0.4
2024-06-18,25.5,25.5,89.78,91.0,14.577379737113251,6.8847361486650085,50,37,0.2,0.4
2024-06-19,25.5,25.5,90.2,91.0,14.577379737113253,5.976143046671971,50,36,0.2,0.4
2024-06-20,25.5,25.5,90.56,91.0,14.577379737113251,5.436685665036022,50,37,0.2,0.4
2024-06-21,25.5,25.5,90.76,91.0,14.577379737113247,5.164873509326918,50,36,0.2,0.4
2024-06-22,25.5,25.5,90.84,91.0,14.577379737113255,5.036033424537732,50,36,0.2,0.4
2024-06-23,25.5,25.5,91.26,91.0,14.577379737113253,4.44838883926598,50,36,0.2,0.4
2024-06-24,25.5,25.5,91.34,91.0,14.577379737113255,4.382758426900964,50,37,0.2,0.4
2024-06-25,25.5,25.5,84.56,88.5,14.577379737113251,10.772527416478248,50,28,0.2,0.4
2024-06-26,25.5,25.5,89.54,91.0,14.577379737113253,6.887462730000276,50,35,0.2,0.4
2024-06-27,25.5,25.5,89.96,91.0,14.577379737113255,6.24323307138805,50,36,0.2,0.4
2024-06-28,25.5,25.5,90.6,91.0,14.577379737113251,5.717856027482716,50,36,0.2,0.4
2024-06-29,25.5,25.5,90.86,91.0,14.577379737113251,5.314631325167248,50,37,0.2,0.4
2024-06-30,25.5,25.5,90.92,91.0,14.577379737113251,5.173874717446948,50,37,0.2,0.4
2024-07-01,25.5,25.5,87.74,91.0,14.577379737113251,18.663300230939974,50,35,0.2,0.4
2024-07-02,25.5,25.5,77.44,77.0,14.577379737113251,18.263558005503967,50,22,0.2,0.4
2024-07-03,25.5,25.5,84.28,88.0,14.577379737113251,12.481888920368107,50,27,0.2,0.4
2024-07-04,25.5,25.5,88.14,90.0,14.577379737113247,7.994921857667157,50,30,0.2,0.4
2024-07-05,25.5,25.5,87.94,88.0,14.577379737113251,7.254583350671267,50,40,0.2,0.4
2024-07-06,25.5,25.5,88.32,88.0,14.577379737113251,6.926553461653412,50,40,0.2,0.4
2024-07-07,25.5,25.5,90.58,91.0,14.577379737113251,6.040982485304447,50,34,0.2,0.4
2024-07-08,25.5,25.5,91.1,91.0,14.577379737113253,5.139880090716006,50,34,0.2,0.4
2024-07-09,25.5,25.5,50.08,86.5,14.577379737113251,46.799110404941224,50,25,0.2,0.4
2024-07-10,25.5,25.5,88.4,87.0,14.577379737113253,5.799366608624124,50,24,0.2,0.4
2024-07-11,25.5,25.5,89.16,88.0,14.577379737113251,5.1956025362113385,50,24,0.2,0.4
2024-07-12,25.5,25.5,89.9,89.0,14.577379737113253,4.739112118685248,50,24,0.2,0.4
2024-07-13,25.5,25.5,90.68,90.0,14.577379737113251,4.287809011890452,50,26,0.2,0.4
2024-07-14,25.5,25.5,91.26,90.0,14.577379737113253,4.004130520411365,50,28,0.2,0.4
2024-07-15,25.5,25.5,91.66,91.0,14.577379737113251,4.023451660615065,50,30,0.2,0.4
2024-07-16,25.5,25.5,91.3,91.5,14.577379737113253,5.179433425795227,50,35,0.2,0.4
2024-07-17,25.5,25.5,91.56,92.0,14.577379737113247,4.773053615488363,50,34,0.2,0.4
2024-07-18,25.5,25.5,91.78,92.0,14.577379737113247,4.541374421103491,50,34,0.2,0.4
2024-07-19,25.5,25.5,92.1,92.0,14.577379737113251,4.441226159059947,50,37,0.2,0.4
2024-07-20,25.5,25.5,91.7,92.0,14.577379737113255,5.24209803768822,50,39,0.2,0.4
2024-07-21,25.5,25.5,91.8,92.0,14.577379737113251,5.022398808927701,50,39,0.2,0.4
2024-07-22,25.5,25.5,91.78,92.5,14.577379737113251,5.365384137112228,50,39,0.2,0.4
2024-07-23,25.5,25.5,90.48,92.0,14.577379737113251,6.84892364551108,50,37,0.2,0.4
2024-07-24,25.5,25.5,90.86,92.0,14.577379737113251,6.000034013509029,50,37,0.2,0.4
2024-07-25,25.5,25.5,90.82,92.0,14.577379737113251,5.652126202788194,50,38,0.2,0.4
2024-07-26,25.5,25.5,89.14,92.0,14.577379737113251,13.742545289006983,50,40,0.2,0.4
2024-07-27,25.5,25.5,90.54,92.0,14.577379737113251,7.959617465939028,50,41,0.2,0.4
2024-07-28,25.5,25.5,90.82,92.0,14.577379737113251,7.012205103115797,50,41,0.2,0.4
2024-07-29,25.5,25.5,48.9,46.5,14.577379737113253,42.21821349868334,50,23,0.2,0.4
2024-07-30,25.5,25.5,86.72,86.0,14.577379737113251,8.490186411741643,50,27,0.2,0.4
2024-07-31,25.5,25.5,87.62,87.0,14.577379737113251,6.832963321656429,50,27,0.2,0.4
2024-08-01,25.5,25.5,88.3,87.5,14.577379737113251,6.191666552219811,50,27,0.2,0.4
2024-08-02,25.5,25.5,89.36,89.0,14.577379737113253,5.6306740090257765,50,30,0.2,0.4
2024-08-03,25.5,25.5,90.26,89.5,14.577379737113251,5.110253797762988,50,29,0.2,0.4
2024-08-04,25.5,25.5,90.76,90.0,14.577379737113251,4.631568694452083,50,29,0.2,0.4
2024-08-05,25.5,25.5,89.76,90.0,14.577379737113251,7.896162850087505,50,28,0.2,0.4
2024-08-06,25.5,25.5,90.26,91.0,14.577379737113251,6.883313155741207,50,32,0.2,0.4
2024-08-07,25.5,25.5,90.46,91.0,14.577379737113255,6.15517038342397,50,35,0.2,0.4
2024-08-08,25.5,25.5,90.54,91.0,14.577379737113255,5.743532298621304,50,35,0.2,0.4
2024-08-09,25.5,25.5,90.82,91.0,14.577379737113251,5.278721242799591,50,35,0.2,0.4
2024-08-10,25.5,25.5,90.8,91.0,14.577379737113251,5.2333311668612,50,34,0.2,0.4
2024-08-11,25.5,25.5,90.9,91.0,14.577379737113251,5.092010548749034,50,33,0.2,0.4
2024-08-12,25.5,25.5,90.1,91.0,14.577379737113255,6.201546877470925,50,31,0.2,0.4
2024-08-13,25.5,25.5,88.38,91.0,14.577379737113251,10.726450237328171,50,31,0.2,0.4
2024-08-14,25.5,25.5,89.86,91.0,14.577379737113255,7.007313963252382,50,34,0.2,0.4
2024-08-15,25.5,25.5,90.1,91.0,14.577379737113255,6.305973844098069,50,34,0.2,0.4
2024-08-16,25.5,25.5,89.62,91.0,14.577379737113251,6.966069368659743,50,33,0.2,0.4
2024-08-17,25.5,25.5,90.32,91.0,14.577379737113251,5.3469045021490755,50,33,0.2,0.4
2024-08-18,25.5,25.5,90.3,91.0,14.577379737113251,5.845807847317176,50,32,0.2,0.4
2024-08-19,25.5,25.5,88.64,91.0,14.577379737113255,13.967542550425941,50,34,0.2,0.4
2024-08-20,25.5,25.5,90.42,91.0,14.577379737113253,5.5955156972675315,50,35,0.2,0.4
2024-08-21,25.5,25.5,90.48,91.0,14.577379737113251,5.238164501706566,50,35,0.2,0.4
2024-08-22,25.5,25.5,90.72,91.0,14.577379737113251,5.026622999142685,50,35,0.2,0.4
2024-08-23,25.5,25.5,90.74,91.0,14.577379737113253,4.85214028096081,50,36,0.2,0.4
2024-08-24,25.5,25.5,91.0,91.0,14.577379737113255,4.806458240360207,50,36,0.2,0.4
2024-08-25,25.5,25.5,90.62,91.0,14.577379737113251,5.001591583420915,50,36,0.2,0.4
2024-08-26,25.5,25.5,71.74,87.0,14.577379737113251,27.973610012704068,50,24,0.2,0.4
2024-08-27,25.5,25.5,84.7,87.5,14.577379737113253,10.486628998639267,50,25,0.2,0.4
2024-08-28,25.5,25.5,85.7,87.5,14.577379737113253,8.739425096675877,50,24,0.2,0.4
2024-08-29,25.5,25.5,86.4,87.5,14.577379737113251,7.788007525965147,50,25,0.2,0.4
2024-08-30,25.5,25.5,87.02,88.0,14.577379737113251,7.161375993651569,50,25,0.2,0.4
2024-08-31,25.5,25.5,86.66,88.0,14.577379737113251,9.036456773559433,50,25,0.2,0.4
2024-09-01,25.5,25.5,87.42,88.5,14.577379737113253,8.521497425179861,50,26,0.2,0.4
2024-09-02,25.5,25.5,88.0,88.5,14.577379737113253,6.916410535377258,50,26,0.2,0.4
2024-09-03,25.5,25.5,86.74,88.5,14.577379737113251,10.320991093051934,50,29,0.2,0.4
2024-09-04,25.5,25.5,88.36,90.0,14.577379737113251,8.095753484994212,50,31,0.2,0.4
2024-09-05,25.5,25.5,89.64,90.0,14.577379737113251,5.854563892156868,50,29,0.2,0.4
2024-09-06,25.5,25.5,89.46,90.0,14.577379737113251,5.7577277264063635,50,28,0.2,0.4
2024-09-07,25.5,25.5,89.62,90.0,14.577379737113251,5.480540715167824,50,27,0.2,0.4
2024-09-08,25.5,25.5,89.7,90.0,14.577379737113251,5.361426858512916,50,27,0.2,0.4
2024-09-09,25.5,25.5,90.08,90.0,14.577379737113251,5.146189396643159,50,27,0.2,0.4
2024-09-10,25.5,25.5,86.88,89.0,14.577379737113251,8.789232744949803,50,26,0.2,0.4
2024-09-11,25.5,25.5,87.78,89.0,14.577379737113251,7.541152404761269,50,26,0.2,0.4
2024-09-12,25.5,25.5,88.18,88.5,14.577379737113247,6.451356446515728,50,26,0.2,0.4
2024-09-13,25.5,25.5,88.72,89.0,14.577379737113253,5.869464391654311,50,26,0.2,0.4
2024-09-14,25.5,25.5,89.1,89.0,14.577379737113251,5.559511063511444,50,27,0.2,0.4
2024-09-15,25.5,25.5,89.48,89.0,14.577379737113251,4.568034454282303,50,27,0.2,0.4
2024-09-16,25.5,25.5,89.48,89.0,14.577379737113251,4.568034454282303,50,27,0.2,0.4
2024-09-17,25.5,25.5,84.96,89.0,14.577379737113253,19.133217188962238,50,30,0.2,0.4
2024-09-18,25.5,25.5,89.24,89.0,14.577379737113251,4.8552937656768425,50,30,0.2,0.4
2024-09-19,25.5,25.5,89.5,89.0,14.577379737113253,4.210046293797533,50,29,0.2,0.4
2024-09-20,25.5,25.5,89.3,89.0,14.577379737113253,4.678435112517946,50,30,0.2,0.4
2024-09-21,25.5,25.5,89.3,89.0,14.577379737113253,4.477836576759278,50,30,0.2,0.4
2024-09-22,25.5,25.5,89.6,89.0,14.577379737113251,3.8438925848782026,50,30,0.2,0.4
2024-09-23,25.5,25.5,89.28,89.0,14.577379737113251,4.233202097703346,50,31,0.2,0.4
2024-09-24,25.5,25.5,74.96,88.5,14.577379737113253,30.419488919481356,50,31,0.2,0.4
2024-09-25,25.5,25.5,85.3,89.0,14.577379737113251,11.629045269391252,50,34,0.2,0.4
2024-09-26,25.5,25.5,85.96,89.0,14.577379737113251,9.911774074610573,50,34,0.2,0.4
2024-09-27,25.5,25.5,85.34,89.0,14.577379737113251,14.56247624155021,50,35,0.2,0.4
2024-09-28,25.5,25.5,87.32,89.0,14.577379737113247,7.416033375087261,50,36,0.2,0.4
2024-09-29,25.5,25.5,87.74,89.0,14.577379737113251,6.847642227922883,50,35,0.2,0.4
2024-09-30,25.5,25.5,84.2,89.0,14.577379737113251,18.64928734207682,50,36,0.2,0.4
2024-10-01,25.5,25.5,84.9,89.0,14.577379737113251,16.522402849415315,50,36,0.2,0.4
2024-10-02,25.5,25.5,88.52,89.0,14.577379737113251,5.63603565985735,50,34,0.2,0.4
2024-10-03,25.5,25.5,88.64,89.0,14.577379737113251,5.576042045928203,50,34,0.2,0.4
2024-10-04,25.5,25.5,88.32,89.0,14.577379737113247,6.175792108164366,50,37,0.2,0.4
2024-10-05,25.5,25.5,88.58,89.5,14.577379737113247,5.792641355854084,50,37,0.2,0.4
2024-10-06,25.5,25.5,88.74,90.0,14.577379737113251,5.532132481775754,50,35,0.2,0.4
2024-10-07,25.5,25.5,49.1,81.0,14.577379737113251,44.9018203349013,50,22,0.2,0.4
2024-10-08,25.5,25.5,80.92,81.5,14.577379737113255,10.858721689715319,50,21,0.2,0.4
2024-10-09,25.5,25.5,83.5,82.0,14.577379737113251,8.256722678384872,50,22,0.2,0.4
2024-10-10,25.5,25.5,84.86,83.5,14.577379737113255,7.61847914545915,50,23,0.2,0.4
2024-10-11,25.5,25.5,85.7,84.5,14.577379737113255,6.925993629444228,50,23,0.2,0.4
2024-10-12,25.5,25.5,86.78,86.0,14.577379737113251,6.2606317735578125,50,23,0.2,0.4
2024-10-13,25.5,25.5,87.38,87.0,14.577379737113253,5.79897950205949,50,23,0.2,0.4
2024-10-14,25.5,25.5,46.48,77.0,14.577379737113251,44.98672820161202,50,21,0.2,0.4
2024-10-15,25.5,25.5,82.06,83.0,14.577379737113251,15.504324610657925,50,21,0.2,0.4
2024-10-16,25.5,25.5,85.94,85.5,14.577379737113251,7.413198378843078,50,23,0.2,0.4
2024-10-17,25.5,25.5,86.1,87.0,14.577379737113251,9.988258412879045,50,25,0.2,0.4
2024-10-18,25.5,25.5,88.34,89.5,14.577379737113251,5.836584128213546,50,25,0.2,0.4
2024-10-19,25.5,25.5,89.6,90.0,14.577379737113251,4.965184913423645,50,30,0.2,0.4
2024-10-20,25.5,25.5,88.16,90.0,14.577379737113253,13.577231841940236,50,29,0.2,0.4
2024-10-21,25.5,25.5,84.02,91.0,14.577379737113251,22.505772502146367,50,30,0.2,0.4
2024-10-22,25.5,25.5,90.3,91.0,14.577379737113255,4.687151347577975,50,28,0.2,0.4
2024-10-23,25.5,25.5,90.52,91.0,14.577379737113251,4.625748698363125,50,29,0.2,0.4
2024-10-24,25.5,25.5,90.6,91.0,14.577379737113253,4.5981362684088785,50,32,0.2,0.4
2024-10-25,25.5,25.5,90.64,91.0,14.577379737113253,4.5569413300715516,50,32,0.2,0.4
2024-10-26,25.5,25.5,90.7,91.0,14.577379737113251,4.5814622030927366,50,31,0.2,0.4
2024-10-27,25.5,25.5,90.8,91.5,14.577379737113251,4.540071023448773,50,29,0.2,0.4
2024-10-28,25.5,25.5,90.84,91.5,14.577379737113251,4.550667141043323,50,29,0.2,0.4
2024-10-29,25.5,25.5,52.04,81.0,14.577379737113253,45.27285080937761,50,21,0.2,0.4
2024-10-30,25.5,25.5,85.92,83.5,14.577379737113251,8.412430064603019,50,22,0.2,0.4
2024-10-31,25.5,25.5,88.18,86.5,14.577379737113251,5.857804840639575,50,21,0.2,0.4
2024-11-01,25.5,25.5,85.94,86.0,14.577379737113251,7.648956177952967,49,22,0.2,0.4
2024-11-02,25.5,25.5,87.54,88.0,14.577379737113251,7.475702137523912,50,23,0.2,0.4
2024-11-03,25.5,25.5,89.18,89.0,14.577379737113253,5.702452032562261,50,23,0.2,0.4
2024-11-04,25.5,25.5,82.48,89.5,14.577379737113251,25.22732564469872,50,26,0.2,0.4
2024-11-05,25.5,25.5,88.7,89.5,14.577379737113251,7.03997333019067,50,26,0.2,0.4
2024-11-06,25.5,25.5,89.26,90.0,14.577379737113251,6.327168499770639,50,28,0.2,0.4
2024-11-07,25.5,25.5,90.16,91.0,14.577379737113251,5.426164880108456,50,29,0.2,0.4
2024-11-08,25.5,25.5,90.42,91.0,14.577379737113247,5.030884208403859,50,30,0.2,0.4
2024-11-09,25.5,25.5,90.64,91.0,14.577379737113251,4.976516280061211,50,31,0.2,0.4
2024-11-10,25.5,25.5,90.84,91.0,14.577379737113251,4.807986553005069,50,32,0.2,0.4
2024-11-11,25.5,25.5,86.24,91.0,14.577379737113251,18.117034491756925,50,32,0.2,0.4
2024-11-12,25.5,25.5,88.98,91.0,14.577379737113253,8.170354574775262,50,35,0.2,0.4
2024-11-13,25.5,25.5,89.62,91.0,14.577379737113251,6.31451195457652,50,33,0.2,0.4
2024-11-14,25.5,25.5,89.8,91.0,14.577379737113251,5.97614304667197,50,33,0.2,0.4
2024-11-15,25.5,25.5,90.08,90.5,14.577379737113251,5.590954794147784,50,35,0.2,0.4
2024-11-16,25.5,25.5,90.18,90.5,14.577379737113251,5.434921098501686,50,36,0.2,0.4
2024-11-17,25.5,25.5,90.12,90.5,14.577379737113251,5.415925119308721,50,36,0.2,0.4
2024-11-18,25.5,25.5,76.3,90.0,14.577379737113247,31.345507115478778,50,31,0.2,0.4
2024-11-19,25.5,25.5,86.6,90.0,14.577379737113247,9.629885455058695,50,31,0.2,0.4
2024-11-20,25.5,25.5,87.96,90.5,14.577379737113251,7.743226137754739,50,35,0.2,0.4
2024-11-21,25.5,25.5,88.52,90.0,14.577379737113255,6.816067451999288,50,34,0.2,0.4
2024-11-22,25.5,25.5,88.66,91.0,14.577379737113255,6.625892315725625,50,36,0.2,0.4
2024-11-23,25.5,25.5,86.86,91.0,14.577379737113251,14.033502188458495,50,36,0.2,0.4
2024-11-24,25.5,25.5,87.24,89.0,14.577379737113253,7.380503826616033,50,40,0.2,0.4
2024-11-25,25.5,25.5,84.92,85.5,14.577379737113255,7.871000766181163,50,39,0.2,0.4
2024-11-26,25.5,25.5,85.38,85.5,14.577379737113251,7.491192106979601,50,39,0.2,0.4
2024-11-27,25.5,25.5,85.82,85.5,14.577379737113251,7.213055057692693,50,40,0.2,0.4
2024-11-28,25.5,25.5,87.6,88.5,14.577379737113251,6.512155040023702,50,40,0.2,0.4
2024-11-29,25.5,25.5,88.0,88.5,14.577379737113253,6.226998490772392,50,41,0.2,0.4
2024-11-30,25.5,25.5,86.64,90.0,14.577379737113253,13.798491488091685,50,41,0.2,0.4
2024-12-01,25.5,25.5,88.4,90.0,14.577379737113253,5.809914116475075,50,41,0.2,0.4
2024-12-02,25.5,25.5,86.6,89.0,14.577379737113251,13.773680906507373,50,42,0.2,0.4
2024-12-03,25.5,25.5,87.62,88.0,14.577379737113253,6.167359769837674,50,41,0.2,0.4
2024-12-04,25.5,25.5,87.9,88.0,14.577379737113247,5.852785835891855,50,41,0.2,0.4
2024-12-05,25.5,25.5,88.98,90.0,14.577379737113253,5.176437984181944,50,42,0.2,0.4
2024-12-06,25.5,25.5,89.42,90.5,14.577379737113251,5.237580061245768,50,41,0.2,0.4
2024-12-07,25.5,25.5,89.6,90.5,14.577379737113251,5.170560305958244,50,41,0.2,0.4
2024-12-08,25.5,25.5,89.64,90.5,14.577379737113251,5.157756196214766,50,41,0.2,0.4
2024-12-09,25.5,25.5,89.62,90.5,14.577379737113251,5.232902187708312,50,42,0.2,0.4
2024-12-10,25.5,25.5,85.32,88.0,14.577379737113251,9.560633571354687,50,33,0.2,0.4
2024-12-11,25.5,25.5,87.68,88.5,14.577379737113251,6.86737332074867,50,38,0.2,0.4
2024-12-12,25.5,25.5,88.48,89.0,14.577379737113251,6.148635156334639,50,41,0.2,0.4
2024-12-13,25.5,25.5,88.28,89.5,14.577379737113251,7.505209075389312,50,38,0.2,0.4
2024-12-14,25.5,25.5,88.6,90.0,14.577379737113251,6.972248195378533,50,38,0.2,0.4
2024-12-15,25.5,25.5,89.34,90.0,14.577379737113253,5.6010567516044585,50,38,0.2,0.4
2024-12-16,25.5,25.5,89.48,90.0,14.577379737113251,5.485565474172062,50,38,0.2,0.4
2024-12-17,25.5,25.5,89.02,89.5,14.577379737113251,6.159412906027554,50,41,0.2,0.4
2024-12-18,25.5,25.5,89.14,89.5,14.577379737113251,6.060948938971218,50,41,0.2,0.4
2024-12-19,25.5,25.5,88.98,89.0,14.577379737113253,5.8256645412295045,50,42,0.2,0.4
2024-12-20,25.5,25.5,88.78,89.5,14.577379737113255,6.218110481423087,50,43,0.2,0.4
2024-12-21,25.5,25.5,89.22,90.0,14.577379737113253,5.643453856334026,50,42,0.2,0.4
2024-12-22,25.5,25.5,89.26,90.0,14.577379737113253,5.469059539344764,50,43,0.2,0.4
2024-12-23,25.5,25.5,88.96,89.5,14.577379737113247,5.781603477886581,50,43,0.2,0.4
2024-12-24,25.5,25.5,88.2,88.0,14.577379737113253,6.0676458804558,50,42,0.2,0.4
2024-12-25,25.5,25.5,86.96,87.0,14.577379737113251,5.893476157963972,49,37,0.2,0.4
2024-12-26,25.5,25.5,86.22,86.5,14.577379737113253,6.276909417598337,50,35,0.2,0.4
2024-12-27,25.5,25.5,86.22,86.5,14.577379737113253,6.276909417598337,50,35,0.2,0.4
2024-12-28,25.5,25.5,87.96,88.5,14.577379737113251,4.332883283798494,50,37,0.2,0.4
2024-12-29,25.5,25.5,87.94,88.5,14.577379737113251,4.082866140148037,50,36,0.2,0.4
2024-12-30,25.5,25.5,86.62,89.0,14.577379737113253,13.14113342733807,50,37,0.2,0.4
2024-12-31,25.5,25.5,88.62,89.0,14.577379737113255,4.029938977610614,50,37,0.2,0.4
2025-01-01,25.5,25.5,89.4,90.0,14.577379737113251,3.6589281356759074,50,38,0.2,0.4
2025-01-02,25.5,25.5,89.72,90.0,14.577379737113251,3.653569683004749,50,38,0.2,0.4
2025-01-03,25.5,25.5,89.44,90.5,14.577379737113251,4.567677032079625,50,37,0.2,0.4
2025-01-04,25.5,25.5,90.08,90.5,14.577379737113251,3.89578526835641,50,36,0.2,0.4
2025-01-05,25.5,25.5,90.52,91.0,14.577379737113253,3.8292110339934435,50,36,0.2,0.4
2025-01-06,25.5,25.5,90.86,91.0,14.577379737113253,3.75803900230654,50,36,0.2,0.4
2025-01-07,25.5,25.5,91.0,91.5,14.577379737113251,4.276179870598789,50,37,0.2,0.4
2025-01-08,25.5,25.5,91.24,91.5,14.577379737113251,4.3404128459709215,50,38,0.2,0.4
2025-01-09,25.5,25.5,91.42,92.0,14.577379737113251,4.199562659445891,50,38,0.2,0.4
2025-01-10,25.5,25.5,91.6,91.5,14.577379737113251,4.208834246473207,50,38,0.2,0.4
2025-01-11,25.5,25.5,91.64,91.5,14.577379737113255,4.1735806581644095,50,38,0.2,0.4
2025-01-12,25.5,25.5,91.72,92.0,14.577379737113251,4.266815473595532,50,37,0.2,0.4
2025-01-13,25.5,25.5,91.84,92.0,14.577379737113251,4.132301824328294,50,36,0.2,0.4
2025-01-14,25.5,25.5,86.96,90.5,14.577379737113247,8.77835929070659,50,30,0.2,0.4
2025-01-15,25.5,25.5,88.16,90.5,14.577379737113247,7.313281181019433,50,30,0.2,0.4
2025-01-16,25.5,25.5,89.42,91.0,14.577379737113251,5.98327601208022,50,31,0.2,0.4
2025-01-17,25.5,25.5,90.36,91.0,14.577379737113253,5.165663716566639,50,32,0.2,0.4
2025-01-18,25.5,25.5,90.74,91.0,14.577379737113251,4.719953303124244,50,33,0.2,0.4
2025-01-19,25.5,25.5,91.52,91.5,14.577379737113251,4.1905627696683645,50,36,0.2,0.4
2025-01-20,25.5,25.5,90.46,91.0,14.577379737113251,7.709548810218584,50,35,0.2,0.4
2025-01-21,25.5,25.5,90.44,91.5,14.577379737113253,7.741117358571932,50,37,0.2,0.4
2025-01-22,25.5,25.5,90.66,91.5,14.577379737113253,7.383406658010309,50,36,0.2,0.4
2025-01-23,25.5,25.5,91.42,91.5,14.577379737113253,5.8207580683099955,50,38,0.2,0.4
2025-01-24,25.5,25.5,91.74,91.0,14.577379737113253,3.963146554474724,50,36,0.2,0.4
2025-01-25,25.5,25.5,92.0,92.0,14.577379737113251,3.8385796692984013,50,37,0.2,0.4
2025-01-26,25.5,25.5,92.14,92.0,14.577379737113251,3.7033355070194522,50,37,0.2,0.4
2025-01-27,25.5,25.5,92.28,92.0,14.577379737113253,3.6979862142544984,50,37,0.2,0.4
2025-01-28,25.5,25.5,90.5,92.0,14.577379737113247,7.299007480752547,50,38,0.2,0.4
2025-01-29,25.5,25.5,90.5,92.0,14.577379737113247,7.299007480752547,50,38,0.2,0.4
2025-01-30,25.5,25.5,91.62,92.0,14.577379737113253,5.416867081588013,50,39,0.2,0.4
2025-01-31,25.5,25.5,91.2,92.0,14.577379737113247,5.955618167335953,50,39,0.2,0.4
2025-02-01,25.5,25.5,91.3,92.0,14.577379737113251,5.55583899503716,50,38,0.2,0.4
2025-02-02,25.5,25.5,91.38,92.0,14.577379737113251,5.094574945719323,50,38,0.2,0.4
2025-02-03,25.5,25.5,91.6,92.0,14.577379737113253,4.915614438310075,50,38,0.2,0.4
2025-02-04,25.5,25.5,91.32,92.0,14.577379737113251,5.231146906671965,50,38,0.2,0.4
2025-02-05,25.5,25.5,91.42,92.0,14.577379737113255,5.026825995778723,50,38,0.2,0.4
2025-02-06,25.5,25.5,91.48,92.0,14.577379737113255,4.978484319795434,50,38,0.2,0.4
2025-02-07,25.5,25.5,90.8,92.0,14.577379737113251,10.048860225753694,50,38,0.2,0.4
2025-02-08,25.5,25.5,88.9,92.0,14.577379737113251,11.335784048754634,50,38,0.2,0.4
2025-02-09,25.5,25.5,90.86,92.0,14.577379737113253,6.667037404657487,50,40,0.2,0.4
2025-02-10,25.5,25.5,92.02,92.0,14.577379737113251,4.666379971757157,50,40,0.2,0.4
2025-02-11,25.5,25.5,87.68,92.0,14.577379737113253,14.531373518237377,50,39,0.2,0.4
2025-02-12,25.5,25.5,87.0,91.5,14.577379737113251,11.794152823171595,50,35,0.2,0.4
2025-02-13,25.5,25.5,87.18,89.0,14.577379737113253,8.58734236999969,50,29,0.2,0.4
2025-02-14,25.5,25.5,87.86,87.0,14.577379737113251,7.174245320475693,50,24,0.2,0.4
2025-02-15,25.5,25.5,89.18,89.0,14.577379737113255,6.607633186439047,50,27,0.2,0.4
2025-02-16,25.5,25.5,72.46,91.0,14.577379737113247,37.1863536523707,50,29,0.2,0.4
2025-02-17,25.5,25.5,79.28,91.0,14.577379737113251,25.338556568589137,50,34,0.2,0.4
2025-02-18,25.5,25.5,88.46,91.0,14.577379737113251,9.16561898774826,50,37,0.2,0.4
2025-02-19,25.5,25.5,88.94,91.0,14.577379737113251,7.603463228110228,50,37,0.2,0.4
2025-02-20,25.5,25.5,89.42,91.0,14.577379737113251,6.8425141578224,50,37,0.2,0.4
2025-02-21,25.5,25.5,89.78,91.0,14.577379737113253,6.270403430695147,50,36,0.2,0.4
2025-02-22,25.5,25.5,90.06,91.0,14.577379737113251,5.9398687541330855,50,37,0.2,0.4
2025-02-23,25.5,25.5,90.2,91.0,14.577379737113247,5.827450872677466,50,37,0.2,0.4
2025-02-24,25.5,25.5,90.34,91.0,14.577379737113253,5.655447076284338,50,37,0.2,0.4
2025-02-25,25.5,25.5,88.58,91.0,14.577379737113251,13.970946529808762,50,36,0.2,0.4
2025-02-26,25.5,25.5,88.56,91.0,14.577379737113255,13.968126983549778,50,36,0.2,0.4
2025-02-27,25.5,25.5,90.92,91.0,14.577379737113255,4.831191174365314,50,36,0.2,0.4
2025-02-28,25.5,25.5,91.24,91.0,14.577379737113253,4.556045546349176,50,37,0.2,0.4
2025-03-02,25.5,25.5,91.42,91.0,14.577379737113253,4.3240664912103455,50,36,0.2,0.4
2025-03-03,25.5,25.5,90.74,91.0,14.577379737113251,5.359751745697762,50,37,0.2,0.4
2025-03-04,25.5,25.5,91.16,91.0,14.577379737113247,4.334766900495648,50,36,0.2,0.4
2025-03-05,25.5,25.5,91.06,91.0,14.577379737113247,4.372502202424153,50,36,0.2,0.4
2025-03-06,25.5,25.5,91.2,90.5,14.577379737113253,3.979539507766891,50,39,0.2,0.4
2025-03-07,25.5,25.5,91.08,90.5,14.577379737113253,4.034747039588652,50,38,0.2,0.4
2025-03-08,25.5,25.5,91.12,90.0,14.577379737113251,4.013446785749226,50,39,0.2,0.4
2025-03-09,25.5,25.5,91.04,90.0,14.577379737113247,3.9329066988730874,50,39,0.2,0.4
2025-03-10,25.5,25.5,86.34,89.0,14.577379737113251,9.90487408361383,50,33,0.2,0.4
2025-03-11,25.5,25.5,88.06,88.5,14.577379737113251,6.66213791756469,50,33,0.2,0.4
2025-03-12,25.5,25.5,88.82,89.0,14.577379737113251,5.854319877192381,50,33,0.2,0.4
2025-03-13,25.5,25.5,89.4,89.0,14.577379737113251,5.27991960359324,50,34,0.2,0.4
2025-03-15,25.5,25.5,89.54,89.5,14.577379737113251,5.143690408685981,50,34,0.2,0.4
2025-03-16,25.5,25.5,89.66,89.5,14.577379737113251,4.83444275327507,50,35,0.2,0.4
2025-03-17,25.5,25.5,86.88,87.5,14.577379737113253,10.693579992744455,50,36,0.2,0.4
2025-03-18,25.5,25.5,88.58,89.0,14.577379737113253,7.837872472677722,50,36,0.2,0.4
2025-03-19,25.5,25.5,88.66,89.0,14.577379737113251,7.181637582567568,50,39,0.2,0.4
2025-03-20,25.5,25.5,89.38,89.0,14.577379737113247,5.394214587908804,50,37,0.2,0.4
2025-03-21,25.5,25.5,89.16,89.0,14.577379737113251,5.478566772208863,50,38,0.2,0.4
2025-03-22,25.5,25.5,89.16,89.0,14.577379737113251,5.342780748116939,50,39,0.2,0.4
2025-03-23,25.5,25.5,89.38,89.0,14.577379737113251,5.181954559934359,50,39,0.2,0.4
2025-03-24,25.5,25.5,51.08,47.0,14.577379737113251,41.52591519344349,50,25,0.2,0.4
2025-03-26,25.5,25.5,84.48,86.5,14.577379737113251,14.411220118578525,50,30,0.2,0.4
2025-03-27,25.5,25.5,86.52,86.0,14.577379737113253,7.637822106504721,50,31,0.2,0.4
2025-03-28,25.5,25.5,87.82,89.0,14.577379737113251,6.4323480969873135,50,34,0.2,0.4
2025-03-29,25.5,25.5,88.12,89.0,14.577379737113253,5.9646578155953645,50,36,0.2,0.4
2025-03-30,25.5,25.5,86.54,88.5,14.577379737113251,11.348307434708184,50,38,0.2,0.4
2025-03-31,25.5,25.5,73.18,80.5,14.577379737113253,20.247136355846596,50,22,0.2,0.4
2025-04-01,25.5,25.5,75.34,81.0,14.577379737113247,18.397659567211814,50,23,0.2,0.4
2025-04-02,25.5,25.5,79.62,85.5,14.577379737113253,15.755646865910187,50,27,0.2,0.4
2025-04-03,25.5,25.5,82.16,86.5,14.577379737113255,13.581740443307984,50,28,0.2,0.4
2025-04-04,25.5,25.5,85.04,87.5,14.577379737113247,10.917052753208008,50,32,0.2,0.4
2025-04-05,25.5,25.5,85.7,87.0,14.577379737113255,9.87317536746586,50,33,0.2,0.4
2025-04-06,25.5,25.5,87.58,88.0,14.577379737113251,6.74942174393859,50,36,0.2,0.4
2025-04-07,25.5,25.5,81.32,84.0,14.577379737113251,11.947914171989373,50,29,0.2,0.4
2025-04-08,25.5,25.5,83.54,86.5,14.577379737113253,11.346508947959386,50,33,0.2,0.4
2025-04-09,25.5,25.5,85.92,88.0,14.577379737113247,8.73145848910357,50,36,0.2,0.4
2025-04-10,25.5,25.5,86.54,88.5,14.577379737113251,8.00308613942784,50,38,0.2,0.4
2025-04-11,25.5,25.5,87.16,88.5,14.577379737113251,7.343913209215493,50,39,0.2,0.4
2025-04-12,25.5,25.5,87.52,89.0,14.577379737113251,6.961233763508024,50,38,0.2,0.4
2025-04-13,25.5,25.5,87.92,89.0,14.577379737113247,6.793874792331513,50,39,0.2,0.4
2025-04-14,25.5,25.5,86.88,89.0,14.577379737113253,8.260157630556009,50,37,0.2,0.4
2025-04-15,25.5,25.5,87.54,89.0,14.577379737113253,7.426400781766936,50,37,0.2,0.4
2025-04-16,25.5,25.5,88.24,89.0,14.577379737113247,6.659533598916823,50,38,0.2,0.4
2025-04-17,25.5,25.5,89.06,90.0,14.577379737113251,5.758436579205739,50,38,0.2,0.4
2025-04-18,25.5,25.5,89.32,90.0,14.577379737113253,5.445237574697537,50,39,0.2,0.4
2025-04-19,25.5,25.5,89.54,90.0,14.577379737113251,5.315399268893647,50,38,0.2,0.4
2025-04-20,25.5,25.5,89.76,90.0,14.577379737113247,5.204236892441874,50,39,0.2,0.4
2025-04-21,25.5,25.5,83.24,79.5,14.577379737113251,7.673330437300351,50,19,0.2,0.4
2025-04-22,25.5,25.5,84.96,82.0,14.577379737113251,6.499481925978597,50,19,0.2,0.4
2025-04-23,25.5,25.5,85.84,83.0,14.577379737113251,5.973957085994686,50,19,0.2,0.4
2025-04-24,25.5,25.5,86.58,85.0,14.577379737113247,5.617356484820153,50,19,0.2,0.4
2025-04-25,25.5,25.5,86.84,85.0,14.577379737113251,5.636470164772216,50,20,0.2,0.4
2025-04-26,25.5,25.5,87.72,86.0,14.577379737113251,5.23738523326599,50,21,0.2,0.4
2025-04-27,25.5,25.5,87.92,86.5,14.577379737113251,5.228805615364305,50,21,0.2,0.4
2025-04-28,25.5,25.5,87.8,87.0,14.577379737113251,6.134545872452541,50,24,0.2,0.4
2025-04-29,25.5,25.5,87.82,88.0,14.577379737113253,6.1733132042985925,50,26,0.2,0.4
2025-04-30,25.5,25.5,88.04,88.0,14.577379737113255,5.914216700770566,50,28,0.2,0.4
2025-05-01,25.5,25.5,88.2,88.0,14.577379737113251,5.617029500382142,50,25,0.2,0.4
2025-05-02,25.5,25.5,86.38,88.0,14.577379737113251,13.691782132329733,50,28,0.2,0.4
2025-05-03,25.5,25.5,87.74,88.0,14.577379737113255,6.050164443708814,50,27,0.2,0.4
2025-05-04,25.5,25.5,88.48,88.5,14.577379737113251,5.191201347334879,50,29,0.2,0.4
2025-05-05,25.5,25.5,88.44,88.0,14.577379737113251,5.103660151183219,50,28,0.2,0.4
2025-05-06,25.5,25.5,88.44,89.0,14.577379737113247,5.3534654044585634,50,28,0.2,0.4
2025-05-07,25.5,25.5,88.4,89.0,14.577379737113251,5.671266640365488,50,29,0.2,0.4
2025-05-08,25.5,25.5,88.62,89.0,14.577379737113247,5.12652167554141,50,30,0.2,0.4
2025-05-09,25.5,25.5,87.1,89.0,14.577379737113253,13.398522611215952,50,30,0.2,0.4
2025-05-10,25.5,25.5,88.34,90.0,14.577379737113255,7.3473860408075105,50,30,0.2,0.4
2025-05-11,25.5,25.5,89.42,90.0,14.577379737113251,4.669003302283552,50,31,0.2,0.4
2025-05-12,25.5,25.5,88.74,89.5,14.577379737113253,5.61270424836298,50,29,0.2,0.4
2025-05-13,25.5,25.5,89.68,90.0,14.577379737113251,4.825273599094918,50,29,0.2,0.4
2025-05-14,25.5,25.5,89.86,90.0,14.577379737113247,4.6203189217602185,50,29,0.2,0.4
2025-05-15,25.5,25.5,89.72,90.0,14.577379737113253,4.8320359506704245,50,28,0.2,0.4
2025-05-16,25.5,25.5,90.28,91.0,14.577379737113251,4.651267108464713,50,29,0.2,0.4
2025-05-17,25.5,25.5,90.04,91.0,14.577379737113247,5.014102560757598,50,30,0.2,0.4
2025-05-18,25.5,25.5,90.02,91.0,14.577379737113253,5.004039184825129,50,31,0.2,0.4
2025-05-19,25.5,25.5,83.96,88.5,14.577379737113251,13.928329668231536,50,27,0.2,0.4
2025-05-20,25.5,25.5,88.28,90.5,14.577379737113253,7.0277583734148115,50,27,0.2,0.4
2025-05-21,25.5,25.5,89.64,90.5,14.577379737113251,5.502355710724902,50,27,0.2,0.4
2025-05-22,25.5,25.5,89.84,90.0,14.577379737113253,5.136345083454433,50,28,0.2,0.4
2025-05-23,25.5,25.5,90.06,90.5,14.577379737113253,4.92975141154114,50,28,0.2,0.4
2025-05-24,25.5,25.5,90.14,91.0,14.577379737113253,5.2605966915379865,50,30,0.2,0.4
2025-05-25,25.5,25.5,90.22,90.5,14.577379737113251,5.031695458160548,50,29,0.2,0.4
2025-05-26,25.5,25.5,89.68,91.0,14.577379737113251,8.09998740235856,50,29,0.2,0.4
2025-05-27,25.5,25.5,89.9,91.0,14.577379737113251,7.541044154410947,50,29,0.2,0.4
2025-05-28,25.5,25.5,90.22,91.0,14.577379737113247,6.795226415713926,50,29,0.2,0.4
2025-05-29,25.5,25.5,90.28,90.5,14.577379737113251,6.3664939250704675,50,29,0.2,0.4
2025-05-30,25.5,25.5,90.14,90.0,14.577379737113251,6.210622894258987,50,29,0.2,0.4
2025-05-31,25.5,25.5,90.22,90.5,14.577379737113251,5.845947488715267,50,30,0.2,0.4
2025-06-01,25.5,25.5,90.74,90.5,14.577379737113251,4.561641308626912,50,28,0.2,0.4
2025-06-02,25.5,25.5,86.48,90.0,14.577379737113251,17.741039704479512,50,32,0.2,0.4
2025-06-03,25.5,25.5,88.98,90.0,14.577379737113251,8.66729720364581,50,31,0.2,0.4
2025-06-04,25.5,25.5,89.8,90.0,14.577379737113253,6.033917737697965,50,30,0.2,0.4
2025-06-05,25.5,25.5,89.32,89.5,14.577379737113251,5.719426259223372,50,29,0.2,0.4
2025-06-06,25.5,25.5,87.42,89.0,14.577379737113251,13.39980200889368,50,29,0.2,0.4
2025-06-07,25.5,25.5,87.42,89.0,14.577379737113255,13.39980200889368,50,29,0.2,0.4
2025-06-08,25.5,25.5,87.26,89.0,14.577379737113251,13.428282671667445,50,29,0.2,0.4
2025-06-09,25.5,25.5,84.66,86.0,14.577379737113251,6.545320808775987,50,31,0.2,0.4
2025-06-10,25.5,25.5,84.8,86.0,14.577379737113251,6.430158534243944,50,33,0.2,0.4
2025-06-11,25.5,25.5,84.84,86.0,14.577379737113251,5.908693007867687,50,33,0.2,0.4
2025-06-12,25.5,25.5,84.58,85.0,14.577379737113251,5.4251492972967315,50,31,0.2,0.4
2025-06-13,25.5,25.5,84.58,85.0,14.577379737113251,5.4251492972967315,50,31,0.2,0.4
2025-06-14,25.5,25.5,84.32,85.0,14.577379737113253,5.737239612160792,50,31,0.2,0.4
2025-06-15,25.5,25.5,84.44,85.0,14.577379737113253,5.2998267203094604,50,31,0.2,0.4
2025-06-16,25.5,25.5,79.2,85.0,14.577379737113251,20.321899316666613,50,31,0.2,0.4
2025-06-17,25.5,25.5,83.74,85.5,14.577379737113251,7.92261037171719,50,31,0.2,0.4
2025-06-18,25.5,25.5,83.6,86.0,14.577379737113253,8.060991988380504,50,30,0.2,0.4
2025-06-19,25.5,25.5,84.52,86.0,14.577379737113255,6.758939658417025,50,30,0.2,0.4
2025-06-20,25.5,25.5,84.62,86.5,14.577379737113251,7.447475945525683,50,32,0.2,0.4
2025-06-21,25.5,25.5,85.98,86.5,14.577379737113251,5.116958599219117,50,30,0.2,0.4
2025-06-22,25.5,25.5,78.7,86.0,14.577379737113251,21.00558720620662,50,32,0.2,0.4
2025-06-23,25.5,25.5,83.48,86.0,14.577379737113251,9.10761063224441,50,32,0.2,0.4
2025-06-24,25.5,25.5,85.18,87.0,14.577379737113255,7.372563589251096,50,31,0.2,0.4
2025-06-25,25.5,25.5,86.18,87.0,14.577379737113255,6.239080256654789,50,31,0.2,0.4
2025-06-26,25.5,25.5,86.38,87.0,14.577379737113251,6.1507922171017295,50,31,0.2,0.4
2025-06-27,25.5,25.5,87.02,87.5,14.577379737113247,5.600619499261685,50,30,0.2,0.4
2025-06-28,25.5,25.5,87.6,88.0,14.577379737113251,5.469768491164758,50,31,0.2,0.4
2025-06-29,25.5,25.5,87.48,88.0,14.577379737113253,5.736528140089685,50,31,0.2,0.4
2025-06-30,25.5,25.5,87.9,88.0,14.577379737113251,5.570512745241494,50,32,0.2,0.4
2025-07-01,25.5,25.5,88.36,89.0,14.577379737113253,5.344308435434954,50,31,0.2,0.4
2025-07-02,25.5,25.5,88.8,89.0,14.577379737113247,5.126959555693249,50,31,0.2,0.4
2025-07-03,25.5,25.5,88.8,89.0,14.577379737113247,5.126959555693249,50,31,0.2,0.4
2025-07-04,25.5,25.5,88.18,89.0,14.577379737113247,7.179022729239596,50,31,0.2,0.4
2025-07-05,25.5,25.5,87.58,88.5,14.577379737113247,6.984209595471011,50,32,0.2,0.4
2025-07-06,25.5,25.5,81.52,85.0,14.577379737113251,11.232678274769992,50,30,0.2,0.4
2025-07-07,25.5,25.5,84.3,85.5,14.577379737113253,9.318075477921655,50,29,0.2,0.4
2025-07-08,25.5,25.5,86.3,86.5,14.577379737113251,7.329699161351605,50,30,0.2,0.4
2025-07-09,25.5,25.5,87.1,88.0,14.577379737113251,7.051559387533963,50,28,0.2,0.4
2025-07-10,25.5,25.5,87.68,88.5,14.577379737113251,6.325974959140564,50,28,0.2,0.4
2025-07-12,25.5,25.5,88.28,88.5,14.577379737113251,5.499684592069335,50,29,0.2,0.4
2025-07-13,25.5,25.5,88.58,88.5,14.577379737113251,5.383610805595296,50,29,0.2,0.4
2025-07-14,25.5,25.5,83.1,86.0,14.577379737113253,9.59006714028124,50,22,0.2,0.4
2025-07-15,25.5,25.5,86.7,87.5,14.577379737113251,7.103462794543895,50,26,0.2,0.4
2025-07-16,25.5,25.5,87.04,87.5,14.577379737113251,6.533930279545322,50,26,0.2,0.4
2025-07-17,25.5,25.5,87.54,88.0,14.577379737113251,6.044764980830055,50,27,0.2,0.4
2025-07-18,25.5,25.5,88.22,88.0,14.577379737113253,5.548634691415132,50,28,0.2,0.4
2025-07-19,25.5,25.5,88.22,88.0,14.577379737113251,5.548634691415132,50,28,0.2,0.4
2025-07-20,25.5,25.5,88.78,88.5,14.577379737113251,5.051934363818134,50,29,0.2,0.4
2025-07-21,25.5,25.5,88.22,88.0,14.577379737113253,6.188501516555374,50,29,0.2,0.4
2025-07-22,25.5,25.5,88.72,88.0,14.577379737113251,4.607181616669738,50,28,0.2,0.4
2025-07-23,25.5,25.5,88.42,88.0,14.577379737113251,6.443126380183802,50,30,0.2,0.4
2025-07-24,25.5,25.5,89.06,88.0,14.577379737113251,4.441961324478556,50,30,0.2,0.4
2025-07-25,25.5,25.5,88.5,88.0,14.577379737113251,6.286525921625181,50,31,0.2,0.4
2025-07-26,25.5,25.5,88.4,88.0,14.577379737113253,6.318098396427424,50,31,0.2,0.4
2025-07-27,25.5,25.5,87.44,88.5,14.577379737113251,10.303872860161238,50,31,0.2,0.4
2025-07-28,25.5,25.5,88.66,89.0,14.577379737113251,6.176353854724931,50,31,0.2,0.4
2025-07-29,25.5,25.5,88.94,88.0,14.577379737113253,4.8420353285007085,50,30,0.2,0.4
2025-07-30,25.5,25.5,88.86,88.0,14.577379737113253,4.793745925682752,50,30,0.2,0.4
2025-07-31,25.5,25.5,88.42,88.0,14.577379737113255,5.026825995778723,50,32,0.2,0.4
2025-08-01,25.5,25.5,88.58,88.0,14.577379737113247,4.815324177952667,50,31,0.2,0.4
2025-08-02,25.5,25.5,89.08,88.0,14.577379737113247,4.475967572970756,50,31,0.2,0.4
2025-08-03,25.5,25.5,89.14,88.0,14.577379737113255,4.444717111817314,50,31,0.2,0.4
2025-08-04,25.5,25.5,81.9,88.0,14.577379737113251,24.809683757824587,50,29,0.2,0.4
2025-08-05,25.5,25.5,87.52,88.0,14.577379737113247,6.3059414807928285,50,29,0.2,0.4
2025-08-06,25.5,25.5,87.68,88.0,14.577379737113247,5.534456078209735,50,29,0.2,0.4
2025-08-07,25.5,25.5,88.68,88.0,14.577379737113251,4.442099154449299,50,31,0.2,0.4
2025-08-08,25.5,25.5,88.76,88.0,14.577379737113253,4.297887473479719,50,32,0.2,0.4
2025-08-09,25.5,25.5,88.72,88.0,14.577379737113255,4.17983497379541,50,33,0.2,0.4
2025-08-10,25.5,25.5,88.92,88.0,14.577379737113251,4.284952313215471,50,32,0.2,0.4
2025-08-11,25.5,25.5,85.94,88.0,14.577379737113247,18.164115779217447,50,31,0.2,0.4
2025-08-12,25.5,25.5,89.0,88.0,14.577379737113251,4.948716593053938,50,31,0.2,0.4
2025-08-14,25.5,25.5,89.58,89.0,14.577379737113251,4.356978919632553,50,32,0.2,0.4
2025-08-15,25.5,25.5,89.48,89.0,14.577379737113255,4.30585742486503,50,32,0.2,0.4
2025-08-16,25.5,25.5,89.12,89.0,14.577379737113255,5.231927104279052,50,32,0.2,0.4
2025-08-17,25.5,25.5,70.46,86.5,14.577379737113251,26.88692118135219,50,21,0.2,0.4
2025-08-18,25.5,25.5,82.48,87.0,14.577379737113251,11.328562421181791,50,22,0.2,0.4
2025-08-19,25.5,25.5,83.56,87.0,14.577379737113251,9.866786173205291,50,22,0.2,0.4
2025-08-20,25.5,25.5,86.04,88.0,14.577379737113253,7.941006978761239,50,26,0.2,0.4
2025-08-21,25.5,25.5,86.34,88.0,14.577379737113253,7.449448685257568,50,26,0.2,0.4
2025-08-22,25.5,25.5,87.48,88.5,14.577379737113251,6.386337457608152,50,29,0.2,0.4
2025-08-23,25.5,25.5,88.26,89.0,14.577379737113247,5.550546948596272,50,29,0.2,0.4
2025-08-24,25.5,25.5,79.74,88.0,14.577379737113251,20.123912063381063,50,25,0.2,0.4
2025-08-25,25.5,25.5,86.0,88.0,14.577379737113247,7.943679299690196,50,25,0.2,0.4
2025-08-26,25.5,25.5,86.96,88.0,14.577379737113251,6.70351720048087,50,26,0.2,0.4
2025-08-27,25.5,25.5,87.48,88.0,14.577379737113251,6.024575520655514,50,26,0.2,0.4
2025-08-28,25.5,25.5,88.08,88.0,14.577379737113253,5.336971548183713,50,27,0.2,0.4
2025-08-29,25.5,25.5,88.26,88.0,14.577379737113251,4.968513102426075,50,27,0.2,0.4
2025-08-30,25.5,25.5,88.48,88.0,14.577379737113251,4.78620466570756,50,27,0.2,0.4
2025-08-31,25.5,25.5,88.46,88.0,14.577379737113247,4.45022356695912,50,26,0.2,0.4
2025-09-01,25.5,25.5,88.68,88.0,14.577379737113253,4.52404009437474,50,27,0.2,0.4
2025-09-02,25.5,25.5,88.3,88.0,14.577379737113251,6.240911759657939,50,29,0.2,0.4
2025-09-03,25.5,25.5,88.6,88.0,14.577379737113251,5.17450579322138,50,29,0.2,0.4
2025-09-04,25.5,25.5,88.78,88.0,14.577379737113251,4.8415295272532735,50,28,0.2,0.4
2025-09-05,25.5,25.5,88.6,88.0,14.577379737113251,3.994894701174161,50,27,0.2,0.4
2025-09-06,25.5,25.5,89.2,88.0,14.577379737113251,4.120630029101702,50,27,0.2,0.4
2025-09-07,25.5,25.5,88.84,88.0,14.577379737113253,3.8985083489635857,50,29,0.2,0.4
2025-09-08,25.5,25.5,88.9,88.5,14.577379737113251,4.990807877018122,50,30,0.2,0.4
2025-09-09,25.5,25.5,89.2,88.5,14.577379737113253,4.4675702203176835,50,31,0.2,0.4
2025-09-10,25.5,25.5,89.08,88.5,14.577379737113253,4.570714229901994,50,31,0.2,0.4
2025-09-11,25.5,25.5,89.18,88.0,14.577379737113253,4.443247571269447,50,31,0.2,0.4
2025-09-12,25.5,25.5,89.04,88.5,14.577379737113247,5.221462771042972,50,31,0.2,0.4
2025-09-13,25.5,25.5,89.52,89.0,14.577379737113251,4.1168642713321795,50,30,0.2,0.4
2025-09-14,25.5,25.5,89.54,89.0,14.577379737113253,4.086862975387337,50,30,0.2,0.4
2025-09-15,25.5,25.5,88.84,89.0,14.577379737113251,5.500871916045192,50,31,0.2,0.4
2025-09-16,25.5,25.5,89.36,89.0,14.577379737113253,4.645647513138135,50,31,0.2,0.4
2025-09-17,25.5,25.5,89.52,89.0,14.577379737113255,4.413522818958728,50,32,0.2,0.4
2025-09-18,25.5,25.5,89.46,89.0,14.577379737113253,4.523002434269538,50,33,0.2,0.4
2025-09-19,25.5,25.5,89.06,89.0,14.577379737113251,6.786571374442926,50,33,0.2,0.4
2025-09-20,25.5,25.5,88.96,89.0,14.577379737113255,6.779199880546977,50,33,0.2,0.4
2025-09-21,25.5,25.5,89.08,89.0,14.577379737113247,6.0502656376157775,50,32,0.2,0.4
2025-09-22,25.5,25.5,85.96,89.0,14.577379737113251,9.52967438465507,50,28,0.2,0.4
2025-09-23,25.5,25.5,88.08,89.0,14.577379737113253,6.7667856294626425,50,31,0.2,0.4
2025-09-24,25.5,25.5,88.82,89.0,14.577379737113251,5.4236443806122585,50,33,0.2,0.4
2025-09-25,25.5,25.5,88.92,89.0,14.577379737113251,5.165979765618087,50,33,0.2,0.4
2025-09-26,25.5,25.5,86.94,89.0,14.577379737113251,13.647770244734525,50,31,0.2,0.4
2025-09-27,25.5,25.5,87.78,89.0,14.577379737113247,8.184829171792686,50,31,0.2,0.4
2025-09-28,25.5,25.5,87.96,89.0,14.577379737113251,6.350188812876643,50,32,0.2,0.4
2025-09-29,25.5,25.5,87.54,88.0,14.577379737113251,5.956337732505894,50,32,0.2,0.4
2025-09-30,25.5,25.5,87.68,88.0,14.577379737113253,5.636759816107993,50,32,0.2,0.4
2025-10-01,25.5,25.5,87.84,88.0,14.577379737113255,5.331309139682034,50,32,0.2,0.4
2025-10-02,25.5,25.5,87.66,88.0,14.577379737113251,5.262923840123356,50,33,0.2,0.4
2025-10-03,25.5,25.5,87.78,87.5,14.577379737113251,4.765051341351349,50,33,0.2,0.4
2025-10-04,25.5,25.5,87.76,88.0,14.577379737113253,4.622747658954287,50,32,0.2,0.4
2025-10-05,25.5,25.5,87.46,87.0,14.577379737113251,4.6344319159605165,50,32,0.2,0.4
2025-10-06,25.5,25.5,86.78,87.0,14.577379737113251,8.119741626531763,50,32,0.2,0.4
2025-10-07,25.5,25.5,86.94,87.0,14.577379737113251,7.446160495345839,50,32,0.2,0.4
2025-10-08,25.5,25.5,87.34,87.0,14.577379737113251,5.640994267549883,50,31,0.2,0.4
2025-10-09,25.5,25.5,87.36,87.5,14.577379737113251,5.539321405429826,50,33,0.2,0.4
2025-10-10,25.5,25.5,87.32,87.5,14.577379737113253,5.471409921639234,50,33,0.2,0.4
2025-10-11,25.5,25.5,87.42,88.0,14.577379737113251,5.387400266608474,50,34,0.2,0.4
2025-10-12,25.5,25.5,87.32,88.0,14.577379737113251,5.40762877605257,50,33,0.2,0.4
2025-10-13,25.5,25.5,85.5,87.0,14.577379737113253,8.162257590862458,50,31,0.2,0.4
2025-10-14,25.5,25.5,86.24,87.0,14.577379737113253,6.64726428307011,50,32,0.2,0.4
2025-10-15,25.5,25.5,86.44,87.0,14.577379737113247,6.3572552157004845,50,33,0.2,0.4
2025-10-16,25.5,25.5,86.84,87.0,14.577379737113253,5.740511247942564,50,32,0.2,0.4
2025-10-17,25.5,25.5,86.92,88.0,14.577379737113251,5.5873033910531005,50,33,0.2,0.4
2025-10-18,25.5,25.5,86.88,88.0,14.577379737113251,5.6084484376297,50,33,0.2,0.4
2025-10-19,25.5,25.5,87.1,88.0,14.577379737113251,5.334714957096528,50,34,0.2,0.4
2025-10-20,25.5,25.5,86.42,88.0,14.577379737113251,6.373061930292765,50,34,0.2,0.4
2025-10-21,25.5,25.5,87.04,88.0,14.577379737113247,5.264280868383115,50,34,0.2,0.4
2025-10-22,25.5,25.5,87.16,87.5,14.577379737113251,4.912956630903923,50,32,0.2,0.4
2025-10-23,25.5,25.5,87.3,88.0,14.577379737113255,5.218686987887951,50,34,0.2,0.4
2025-10-24,25.5,25.5,87.36,88.0,14.577379737113247,5.185379760953495,50,34,0.2,0.4
2025-10-25,25.5,25.5,87.64,88.0,14.577379737113256,4.543486030144965,50,34,0.2,0.4
2025-10-26,25.5,25.5,87.76,88.0,14.577379737113251,4.39182914800953,50,34,0.2,0.4
2025-10-27,25.5,25.5,87.56,88.0,14.577379737113247,4.734415896132384,50,34,0.2,0.4
2025-10-28,25.5,25.5,86.46,88.0,14.577379737113253,6.54407349891363,50,35,0.2,0.4
2025-10-29,25.5,25.5,86.52,87.0,14.577379737113255,6.273494615752655,50,35,0.2,0.4
2025-10-30,25.5,25.5,85.02,87.0,14.577379737113251,7.209659053899109,50,24,0.2,0.4
2025-10-31,25.5,25.5,86.04,87.0,14.577379737113251,5.78160347788658,50,24,0.2,0.4
2025-11-01,25.5,25.5,86.68,87.0,14.577379737113251,5.100780252439173,50,25,0.2,0.4
2025-11-02,25.5,25.5,83.62,84.0,14.577379737113251,8.188817661535609,50,28,0.2,0.4
2025-11-03,25.5,25.5,81.9,84.0,14.577379737113253,10.451540263403812,50,22,0.2,0.4
2025-11-04,25.5,25.5,87.18,87.0,14.577379737113251,4.97622920923636,50,26,0.2,0.4
2025-11-05,25.5,25.5,87.28,87.0,14.577379737113247,4.633683244262954,50,26,0.2,0.4
2025-11-06,25.5,25.5,87.38,87.0,14.577379737113253,4.5754000605723775,50,26,0.2,0.4
2025-11-07,25.5,25.5,87.7,87.0,14.577379737113251,4.291662538799944,50,26,0.2,0.4
2025-11-08,25.5,25.5,87.54,87.0,14.577379737113247,4.185543633771373,50,28,0.2,0.4
2025-11-09,25.5,25.5,87.02,87.0,14.577379737113251,5.578713186419116,50,27,0.2,0.4
2025-11-10,25.5,25.5,86.64,87.0,14.577379737113253,6.530181108217631,50,27,0.2,0.4
2025-11-11,25.5,25.5,86.54,87.5,14.577379737113251,6.7769416978095816,50,29,0.2,0.4
2025-11-12,25.5,25.5,86.68,87.5,14.577379737113251,6.507264386508233,50,31,0.2,0.4
2025-11-13,25.5,25.5,87.2,87.0,14.577379737113251,5.646020812962716,50,30,0.2,0.4
2025-11-14,25.5,25.5,87.52,87.5,14.577379737113251,5.47439307977028,50,30,0.2,0.4
2025-11-15,25.5,25.5,87.48,87.0,14.577379737113247,5.440738245225662,50,30,0.2,0.4
2025-11-16,25.5,25.5,87.28,87.0,14.577379737113251,5.558740130347405,50,30,0.2,0.4
2025-11-17,25.5,25.5,85.6,87.0,14.577379737113247,8.444295260646655,50,30,0.2,0.4
2025-11-18,25.5,25.5,86.64,87.0,14.577379737113251,6.820617004826664,50,31,0.2,0.4
2025-11-19,25.5,25.5,87.0,87.0,14.577379737113251,5.717856027482713,50,33,0.2,0.4
2025-11-20,25.5,25.5,87.48,87.5,14.577379737113251,5.284710329365853,50,32,0.2,0.4
2025-11-21,25.5,25.5,87.46,87.0,14.577379737113251,5.191083407033207,50,32,0.2,0.4
2025-11-22,25.5,25.5,87.54,87.0,14.577379737113251,5.095856660272227,50,33,0.2,0.4
2025-11-23,25.5,25.5,87.6,87.5,14.577379737113251,4.977500397195526,50,35,0.2,0.4
2025-11-24,25.5,25.5,74.56,87.5,14.577379737113251,25.813427924715658,50,27,0.2,0.4
2025-11-25,25.5,25.5,85.08,86.5,14.577379737113251,8.201144768274983,50,29,0.2,0.4
2025-11-26,25.5,25.5,86.04,87.0,14.577379737113247,7.073837973368441,50,29,0.2,0.4
2025-11-27,25.5,25.5,86.02,87.0,14.577379737113251,6.819809082252041,50,28,0.2,0.4
