song,artist,days_on_chart,average_rank,best_rank,worst_rank,rank_volatility,average_popularity,first_popularity,last_popularity,popularity_trend_score,first_observed_date,last_observed_date
Die With A Smile,Lady Gaga & Bruno Mars,103,3.466019417475728,1,16,3.6348410272991187,96.80582524271844,0,100,100,2025-08-17,2025-11-27
I Had Some Help (Feat. Morgan Wallen),Post Malone & Morgan Wallen,95,3.905263157894737,1,6,1.1856740986919934,93.91578947368421,83,95,12,2025-05-12,2025-08-16
All My Life (feat. J. Cole),Lil Durk & J. Cole,10,4.5,3,6,1.0801234497346432,87.2,84,89,5,2024-05-18,2024-05-27
"Sticky (feat. GloRilla, Sexyy Red & Lil Wayne)","Tyler, The Creator",29,4.551724137931035,2,14,3.1462699786135837,85.93103448275862,75,89,14,2025-10-30,2025-11-27
Taste,Sabrina Carpenter,96,4.625,1,26,5.4911411909499614,93.26041666666667,53,93,40,2025-08-24,2025-11-27
BIRDS OF A FEATHER,Billie Eilish,191,5.2565445026178015,2,20,3.1224394304282823,97.15706806282722,59,97,38,2025-05-19,2025-11-27
St. Chroma (feat. Daniel Caesar),"Tyler, The Creator",29,7.551724137931035,1,30,8.740652994961252,88.44827586206897,79,89,10,2025-10-30,2025-11-27
Who,Jimin,129,7.658914728682171,1,28,5.1348930795085215,92.7984496124031,81,92,11,2025-07-21,2025-11-27
Espresso,Sabrina Carpenter,226,7.946902654867257,1,34,6.22516856776975,94.23893805309734,75,88,13,2025-04-14,2025-11-27
That’s So True,Gracie Abrams,38,8.052631578947368,1,44,9.863795027629273,87.28947368421052,68,94,26,2025-10-20,2025-11-27
APT.,ROSÉ & Bruno Mars,39,9.051282051282051,1,21,5.296218700508574,94.71794871794872,76,98,22,2025-10-20,2025-11-27
Slime You Out (feat. SZA),Drake & SZA,21,9.761904761904763,1,21,6.869532457924351,83.38095238095238,0,90,90,2024-09-17,2024-10-07
Please Please Please,Sabrina Carpenter,170,9.905882352941177,1,43,9.685129856698198,92.17647058823529,73,87,14,2025-06-09,2025-11-27
"Good Luck, Babe!",Chappell Roan,232,9.974137931034482,1,49,8.571533685975364,92.625,66,93,27,2025-04-07,2025-11-27
Timeless (with Playboi Carti),The Weeknd & Playboi Carti,60,10.083333333333334,1,27,6.919125218212972,90.7,79,92,13,2025-09-29,2025-11-27
Lovin On Me,Jack Harlow,156,10.75,1,47,12.522302684256159,94.94871794871794,0,93,93,2024-11-11,2025-04-20
A Bar Song (Tipsy),Shaboozey,226,10.765486725663717,1,44,8.68218374897318,85.39380530973452,66,84,18,2025-04-14,2025-11-27
HISS,Megan Thee Stallion,17,11.352941176470589,1,50,13.29445926161811,84.41176470588235,70,89,19,2025-01-28,2025-02-13
Not Like Us,Kendrick Lamar,201,11.99502487562189,1,47,12.712787858073385,93.48258706467662,79,88,9,2025-05-07,2025-11-27
It's the Most Wonderful Time of the Year,Andy Williams,42,12.476190476190476,4,47,12.863709769580648,76.64285714285714,70,82,12,2024-11-19,2025-11-26
Rockin' Around The Christmas Tree,Brenda Lee,61,12.80327868852459,1,50,15.459430425181852,89.65573770491804,80,86,6,2024-11-13,2025-11-27
I Had Some Help (Feat. Morgan Wallen),Post Malone,103,13.16504854368932,1,40,7.636467060381197,83.42718446601941,38,84,46,2025-08-17,2025-11-27
un x100to,Grupo Frontera & Bad Bunny,79,13.329113924050633,3,48,10.875426922344943,99.20253164556962,99,97,-2,2024-05-18,2024-08-04
A Holly Jolly Christmas,Burl Ives,37,13.64864864864865,7,49,9.589392913863552,87.72972972972973,80,91,11,2024-11-20,2024-12-27
Jingle Bell Rock,Bobby Helms,54,13.74074074074074,2,48,14.758668939810006,87.18518518518519,80,82,2,2024-11-12,2025-11-27
Like Him (feat. Lola Young),"Tyler, The Creator",29,13.758620689655173,5,22,5.200653615609931,84.17241379310344,73,87,14,2025-10-30,2025-11-27
TEXAS HOLD 'EM,Beyoncé,63,13.857142857142858,1,44,11.144009157038859,82.57142857142857,77,87,10,2025-02-14,2025-04-20
I Remember Everything (feat. Kacey Musgraves),Zach Bryan,445,13.916853932584269,1,49,9.896528146741506,90.07640449438202,43,86,43,2024-08-26,2025-11-23
meet the grahams,Kendrick Lamar,13,13.923076923076923,5,35,7.931598603702561,84.23076923076923,72,88,16,2025-05-07,2025-05-19
greedy,Tate McRae,216,14.097222222222221,3,50,8.58364001860471,96.05092592592592,51,96,45,2024-09-17,2025-05-02
making the bed,Olivia Rodrigo,14,14.571428571428571,7,26,6.477348528220784,85.35714285714286,78,88,10,2024-09-10,2024-09-23
Now That We Don't Talk (Taylor's Version) (From The Vault),Taylor Swift,34,14.676470588235293,2,46,15.193141571187281,88.29411764705883,0,92,92,2024-10-29,2024-12-01
Beautiful Things,Benson Boone,306,14.738562091503267,1,49,8.929796312790975,90.80065359477125,78,89,11,2025-01-21,2025-11-27
Sailor Song,Gigi Perez,94,14.77659574468085,3,50,11.126983820047311,85.72340425531915,83,94,11,2025-08-22,2025-11-27
"Darling, I (feat. Teezo Touchdown)","Tyler, The Creator",26,14.923076923076923,2,48,11.099272325420534,85.88461538461539,77,87,10,2025-10-30,2025-11-24
MILLION DOLLAR BABY,Tommy Richman,206,14.946601941747574,1,47,12.322577458719524,90.0873786407767,67,88,21,2025-04-28,2025-11-23
fukumean,Gunna,236,15.055084745762711,1,50,12.463783090577186,93.44915254237289,72,92,20,2024-06-19,2025-02-18
It's Beginning to Look a Lot like Christmas,Michael Bublé,37,15.378378378378379,9,42,8.3810346462559,83.24324324324324,75,87,12,2024-11-20,2024-12-27
"""Slut!"" (Taylor's Version) (From The Vault)",Taylor Swift,26,15.5,3,38,12.130127781684742,86.76923076923077,0,91,91,2024-10-29,2024-11-23
Let It Snow! Let It Snow! Let It Snow!,Dean Martin,42,15.523809523809524,6,48,13.268775184230954,90.4047619047619,83,83,0,2024-11-20,2025-11-26
eternal sunshine,Ariana Grande,13,15.538461538461538,5,28,8.089245789064481,84.15384615384616,60,88,28,2025-03-10,2025-03-23
"yes, and?",Ariana Grande,43,15.581395348837209,1,40,10.830364189759964,91.34883720930233,85,85,0,2025-01-14,2025-03-23
Rich Men North of Richmond,Oliver Anthony Music,54,15.722222222222221,1,38,12.044597421417834,86.64814814814815,64,88,24,2024-08-14,2024-10-06
Suburban Legends (Taylor's Version) (From The Vault),Taylor Swift,14,15.857142857142858,5,45,12.799381853205874,80.5,0,88,88,2024-10-29,2024-11-11
redrum,21 Savage,115,15.982608695652173,2,50,15.565358866527406,93.59130434782608,77,91,14,2025-01-14,2025-05-18
"Calling (Spider-Man: Across the Spider-Verse) (Metro Boomin & Swae Lee, NAV, feat. A Boogie Wit da Hoodie)",Metro Boomin,31,16.225806451612904,4,45,10.138078967994396,89.48387096774194,72,94,22,2024-06-04,2024-07-08
Paint The Town Red,Doja Cat,197,16.238578680203045,1,49,14.631142840758752,87.96954314720813,75,86,11,2024-08-06,2025-03-05
Bed Chem,Sabrina Carpenter,96,16.260416666666668,6,50,10.625931331731193,89.86458333333333,50,90,40,2025-08-24,2025-11-27
Too Sweet,Hozier,230,16.465217391304346,1,50,11.679718123941095,83.34782608695652,45,84,39,2025-03-24,2025-11-18
My Love Mine All Mine,Mitski,223,16.573991031390136,2,50,14.125647421658249,95.02690582959642,72,88,16,2024-09-20,2025-11-20
HOT TO GO!,Chappell Roan,172,16.686046511627907,7,50,9.959874618045184,88.80813953488372,82,88,6,2025-06-05,2025-11-27
bye,Ariana Grande,13,16.846153846153847,2,33,9.538047964565862,85.92307692307692,78,88,10,2025-03-10,2025-03-23
Cruel Summer,Taylor Swift,387,16.925064599483203,1,50,13.642058829298229,97.00258397932816,92,93,1,2024-05-18,2025-08-03
FINA,Bad Bunny,15,16.933333333333334,2,28,9.176574731866122,83.6,0,93,93,2024-10-14,2024-10-28
CARNIVAL,¥$ & Kanye West & Ty Dolla $ign,102,16.980392156862745,1,50,17.94269226691704,92.57843137254902,0,91,91,2025-02-16,2025-05-31
get him back!,Olivia Rodrigo,34,17.147058823529413,3,44,14.2214783209341,90.3529411764706,80,92,12,2024-09-10,2024-10-13
All I Want for Christmas Is You,Mariah Carey,75,17.266666666666666,2,50,15.160700737328957,91.0,81,89,8,2024-11-02,2025-11-27
all-american bitch,Olivia Rodrigo,27,17.703703703703702,4,38,12.076088308384833,88.48148148148148,80,90,10,2024-09-10,2024-10-06
bad idea right?,Olivia Rodrigo,83,17.843373493975903,1,50,14.33610649571082,90.855421686747,79,92,13,2024-08-13,2024-11-10
Never Lose Me,Flo Milli,75,17.906666666666666,5,49,13.14490275614348,87.2,82,75,-7,2025-01-08,2025-04-06
Igual Que Un Ángel (with Peso Pluma),Kali Uchis,35,18.02857142857143,6,49,12.989782668755957,91.77142857142857,75,96,21,2025-01-14,2025-02-18
Area Codes,Kali,43,18.046511627906977,12,30,3.6446535426965005,88.02325581395348,83,91,8,2024-05-18,2024-06-29
Family Matters,Drake,15,18.066666666666666,5,49,13.019033685156442,85.46666666666667,74,89,15,2025-05-06,2025-05-20
Dance The Night (From Barbie The Album),Dua Lipa,48,18.125,8,46,10.2596607301544,94.79166666666667,75,97,22,2024-05-28,2024-08-30
Houdini,Eminem,62,18.241935483870968,4,48,10.884920361420104,85.95161290322581,0,84,84,2025-06-02,2025-08-03
ALL RED,Playboi Carti,20,18.3,1,39,10.54863423437017,89.25,81,90,9,2025-09-15,2025-10-04
Say Don't Go (Taylor's Version) (From The Vault),Taylor Swift,23,18.304347826086957,4,49,14.858223259157613,85.34782608695652,0,90,90,2024-10-29,2024-11-21
Stick Season,Noah Kahan,413,18.322033898305083,1,50,11.355483843894337,91.07990314769975,82,87,5,2024-09-27,2025-11-27
"Annihilate (Spider-Man: Across the Spider-Verse) (Metro Boomin & Swae Lee, Lil Wayne, Offset)",Metro Boomin,28,18.357142857142858,5,46,13.34503454809867,88.10714285714286,73,92,19,2024-06-04,2024-07-01
La Diabla,Xavi,103,18.37864077669903,5,50,13.143339851351517,96.6504854368932,89,94,5,2024-12-28,2025-04-18
ballad of a homeschooled girl,Olivia Rodrigo,14,18.571428571428573,10,32,7.418420791042189,85.14285714285714,78,87,9,2024-09-10,2024-09-23
Rah Tah Tah,"Tyler, The Creator",25,18.68,2,41,12.690941651429968,85.76,78,87,9,2025-10-30,2025-11-23
Barbie World (with Aqua) [From Barbie The Album],Nicki Minaj & Ice Spice & Aqua,104,18.75,1,50,13.995665070896028,92.00961538461539,74,91,17,2024-06-25,2024-10-06
Attention,Doja Cat,14,18.785714285714285,3,38,12.128660091056869,83.78571428571429,74,88,14,2024-06-18,2024-07-01
FTCU,Nicki Minaj,54,18.796296296296298,6,50,10.427430497417694,87.22222222222223,71,90,19,2024-12-10,2025-02-06
Santa Tell Me,Ariana Grande,37,18.89189189189189,7,47,12.317069871126419,91.75675675675676,86,85,-1,2024-11-23,2025-11-26
K-POP,Travis Scott & Bad Bunny & The Weeknd,33,18.90909090909091,2,48,13.172802559543936,87.18181818181819,82,92,10,2024-07-23,2024-08-24
My Boy Only Breaks His Favorite Toys,Taylor Swift,29,18.93103448275862,7,48,10.053183697866771,84.51724137931035,81,84,3,2025-04-21,2025-05-19
Fortnight (feat. Post Malone),Taylor Swift,103,18.95145631067961,1,48,13.098704202322276,92.30097087378641,85,90,5,2025-04-21,2025-08-23
Ella Baila Sola,Eslabon Armado,170,18.96470588235294,1,50,15.256347643001167,89.67647058823529,89,85,-4,2024-05-18,2025-01-03
LUNCH,Billie Eilish,89,19.04494382022472,4,48,11.155828187706465,93.23595505617978,62,92,30,2025-05-19,2025-08-23
Virginia Beach,Drake,28,19.071428571428573,2,47,12.11955435994236,82.60714285714286,0,86,86,2024-10-07,2024-11-23
i like the way you kiss me,Artemas,100,19.09,3,46,11.981547260161133,96.23,83,95,12,2025-03-27,2025-07-04
logical,Olivia Rodrigo,14,19.142857142857142,9,35,9.614549414276285,85.14285714285714,78,87,9,2024-09-10,2024-09-23
Like That,Future & Metro Boomin,169,19.37869822485207,1,50,14.701749837869453,90.9585798816568,0,87,87,2025-03-24,2025-09-20
Sleigh Ride,The Ronettes,34,19.38235294117647,9,36,8.323077467999706,79.94117647058823,72,84,12,2024-11-24,2024-12-27
"So Long, London",Taylor Swift,35,19.4,4,50,14.783138248375689,84.97142857142858,81,85,4,2025-04-21,2025-05-25
Stand By Me (feat. Morgan Wallen),Lil Durk,31,19.516129032258064,3,50,11.729935969538042,84.87096774193549,73,87,14,2024-05-28,2024-07-01
Last Christmas - Single Version,Wham!,63,19.666666666666668,4,50,16.65203658957802,79.76190476190476,72,75,3,2024-11-12,2025-11-27
Down Bad,Taylor Swift,49,19.79591836734694,2,42,14.209708523630265,87.0,81,86,5,2025-04-21,2025-06-08
The Christmas Song (Merry Christmas To You),Nat King Cole,34,19.852941176470587,10,35,6.74259348062152,81.61764705882354,81,75,-6,2024-11-24,2024-12-27
Noid,"Tyler, The Creator",26,19.923076923076923,3,50,14.59841930326178,81.92307692307692,69,84,15,2025-10-23,2025-11-20
IDGAF (feat. Yeat),Drake,149,20.006711409395972,1,49,13.439301303174359,91.20805369127517,0,90,90,2024-10-07,2025-03-09
the boy is mine,Ariana Grande,23,20.043478260869566,4,47,14.977189507167118,87.3913043478261,77,89,12,2025-03-10,2025-04-06
Underneath the Tree,Kelly Clarkson,34,20.294117647058822,10,41,8.778518587540859,83.05882352941177,77,86,9,2024-11-24,2024-12-27
Florida!!! (feat. Florence + The Machine),Taylor Swift,28,20.357142857142858,8,39,9.851543536568778,84.17857142857143,80,84,4,2025-04-21,2025-05-18
Feliz Navidad,José Feliciano,34,20.38235294117647,8,40,9.085501957022064,84.82352941176471,78,88,10,2024-11-24,2024-12-27
II MOST WANTED,Beyoncé,14,20.642857142857142,4,45,13.95380920067317,67.28571428571429,49,75,26,2025-03-31,2025-04-13
Fast Car,Luke Combs,183,20.666666666666668,3,49,12.918311959493158,90.24043715846994,88,85,-3,2024-05-18,2025-07-06
Cinderella,Future & Metro Boomin,27,20.666666666666668,7,34,8.651367166301165,84.48148148148148,0,90,90,2025-03-24,2025-04-20
the grudge,Olivia Rodrigo,22,20.727272727272727,6,48,14.765409442928293,86.72727272727273,77,89,12,2024-09-10,2024-10-01
love is embarrassing,Olivia Rodrigo,14,20.785714285714285,12,33,8.29437781251272,84.92857142857143,77,87,10,2024-09-10,2024-09-23
Back To December (Taylor's Version),Taylor Swift,11,20.818181818181817,2,49,19.077831018321668,81.45454545454545,0,91,91,2024-07-09,2024-07-19
Whatever She Wants [BONUS],Bryson Tiller,10,20.9,17,24,2.0789954839350226,62.7,51,70,19,2025-04-07,2025-04-16
Love Somebody,Morgan Wallen,39,21.05128205128205,1,50,12.571791142220617,83.53846153846153,71,86,15,2025-10-20,2025-11-27
But Daddy I Love Him,Taylor Swift,33,21.181818181818183,5,49,12.763361982287783,83.66666666666667,80,83,3,2025-04-21,2025-05-23
Push Ups,Drake,28,21.214285714285715,11,49,11.67890514546742,88.35714285714286,74,91,17,2025-04-21,2025-05-18
Hits Different,Taylor Swift,12,21.25,2,44,13.605647223253893,83.75,77,87,10,2024-05-28,2024-06-09
n.h.i.e.,21 Savage,14,21.285714285714285,6,38,12.356428233163443,84.92857142857143,76,88,12,2025-01-14,2025-01-27
Enchanted (Taylor's Version),Taylor Swift,11,21.363636363636363,5,46,17.001604202384712,81.18181818181819,0,91,91,2024-07-09,2024-07-19
You’re Losing Me (From The Vault),Taylor Swift,16,21.5,1,50,18.611824198610947,84.75,0,93,93,2024-11-30,2024-12-16
Pink Pony Club,Chappell Roan,148,21.66216216216216,12,47,8.74005094558079,86.53378378378379,77,86,9,2025-06-24,2025-11-23
Popular (with Playboi Carti & Madonna) - From The Idol Vol. 1 (Music from the HBO Original Series),The Weeknd & Madonna,18,21.666666666666668,15,32,4.715431487960253,95.83333333333333,95,96,1,2025-01-24,2025-02-10
Who’s Afraid of Little Old Me?,Taylor Swift,41,21.70731707317073,7,49,13.509707440279792,83.48780487804878,79,84,5,2025-04-21,2025-06-01
CHIHIRO,Billie Eilish,56,21.767857142857142,5,50,14.13698061041398,91.48214285714286,61,92,31,2025-05-19,2025-07-25
WHERE SHE GOES,Bad Bunny,94,21.79787234042553,1,50,14.553261310758725,95.2872340425532,82,81,-1,2024-05-21,2024-10-18
MELTDOWN (feat. Drake),Travis Scott,86,22.0,1,45,14.110488381092312,92.5813953488372,89,91,2,2024-08-01,2024-10-28
Pink Skies,Zach Bryan,177,22.062146892655367,7,50,10.871228809072557,86.79661016949153,74,85,11,2025-05-26,2025-11-22
Blank Space (Taylor's Version),Taylor Swift,11,22.272727272727273,7,46,12.353873150481261,79.27272727272727,0,89,89,2024-10-29,2024-11-08
I Can Do It With a Broken Heart,Taylor Swift,96,22.28125,3,50,13.13308648133849,87.51041666666667,79,87,8,2025-04-21,2025-08-23
vampire,Olivia Rodrigo,257,22.315175097276263,1,50,14.724218837662583,94.6887159533074,85,91,6,2024-07-02,2025-03-30
MONACO,Bad Bunny,66,22.333333333333332,1,50,15.9675953907939,94.13636363636364,0,94,94,2024-10-14,2025-01-07
Agora Hills,Doja Cat,174,22.339080459770116,6,50,12.576469967261064,81.61494252873563,35,82,47,2024-09-24,2025-03-23
Seven (feat. Latto) (Explicit Ver.),Jung Kook & Latto,81,22.358024691358025,1,39,9.439688344928701,98.65432098765432,86,97,11,2024-07-16,2024-10-06
Out Of The Woods (Taylor's Version),Taylor Swift,11,22.363636363636363,7,48,13.276089237970098,78.63636363636364,0,88,88,2024-10-29,2024-11-08
lacy,Olivia Rodrigo,18,22.38888888888889,10,46,12.334260696454594,85.5,78,87,9,2024-09-10,2024-09-27
Hey Driver (feat. The War and Treaty),Zach Bryan,55,22.472727272727273,3,50,14.594334955543976,84.56363636363636,42,83,41,2024-08-26,2024-12-29
euphoria,Kendrick Lamar,63,22.53968253968254,1,50,15.534379559051924,88.36507936507937,0,88,88,2025-05-02,2025-07-03
Last Night,Morgan Wallen,491,22.613034623217924,1,50,14.569360958238752,85.67413441955193,89,81,-8,2024-05-18,2025-10-22
All My Life (feat. J. Cole),Lil Durk,86,22.651162790697676,3,50,15.24834991409232,82.5,72,80,8,2024-05-28,2024-08-25
The Tortured Poets Department,Taylor Swift,28,22.857142857142858,5,45,12.176827676990927,84.96428571428571,82,84,2,2025-04-21,2025-05-18
all of me,21 Savage,10,22.9,8,49,14.145670715805597,83.6,77,87,10,2025-01-14,2025-01-24
Guy For That (Feat. Luke Combs),Post Malone,11,22.90909090909091,7,43,14.679608615045195,70.18181818181819,36,78,42,2025-08-17,2025-08-27
Kill Bill,SZA,247,22.91497975708502,4,50,12.162386134444523,92.25910931174089,94,86,-8,2024-05-18,2025-11-04
I KNOW ?,Travis Scott,220,22.931818181818183,3,50,11.111304308545902,91.35,0,90,90,2024-07-29,2025-03-20
Used To Be Young,Miley Cyrus,17,22.941176470588236,10,47,11.945033425211156,74.41176470588235,0,84,84,2024-08-26,2024-09-11
we can't be friends (wait for your love),Ariana Grande,116,22.974137931034484,1,50,14.171288307484716,92.16379310344827,69,90,21,2025-03-10,2025-07-26
Guy For That (Feat. Luke Combs),Post Malone & Luke Combs,20,23.05,9,36,9.190813491284597,80.5,48,86,38,2025-07-27,2025-08-16
Saturn,SZA,118,23.084745762711865,3,50,12.518414655632975,89.94915254237289,0,89,89,2025-02-25,2025-06-28
Gently (feat. Bad Bunny),Drake,15,23.133333333333333,8,45,13.87632447560884,77.33333333333333,0,87,87,2024-10-07,2024-10-21
BODYGUARD,Beyoncé,10,23.2,8,43,12.227473619317733,81.3,74,84,10,2025-03-31,2025-04-09
Slime You Out (feat. SZA),Drake,21,23.38095238095238,4,39,12.997985191852583,81.57142857142857,69,84,15,2024-10-08,2024-10-28
Breathe,Yeat,37,23.405405405405407,14,39,7.270409813680305,83.86486486486487,70,86,16,2025-02-18,2025-03-30
"Peso Pluma: Bzrp Music Sessions, Vol. 55",Bizarrap & Peso Pluma,46,23.456521739130434,3,48,15.676885350716734,95.43478260869566,82,96,14,2024-06-03,2024-07-24
Lose Control,Teddy Swims,328,23.536585365853657,5,50,8.633828810291073,90.90853658536585,83,89,6,2024-12-28,2025-11-27
Whatever She Wants,Bryson Tiller,78,23.58974358974359,4,50,14.539186544918719,87.85897435897436,75,89,14,2025-02-19,2025-05-23
Tu Boda,Oscar Maydon & Fuerza Regida,39,23.58974358974359,11,41,7.704127221711301,91.33333333333333,86,93,7,2025-10-20,2025-11-27
East Side of Sorrow,Zach Bryan,22,23.636363636363637,3,45,13.89945341352692,80.68181818181819,43,85,42,2024-08-26,2024-09-16
Fear and Friday's,Zach Bryan,15,23.8,8,40,12.013088100662783,77.93333333333334,42,83,41,2024-08-26,2024-09-09
La Bebe - Remix,Yng Lvcas & Peso Pluma,113,23.831858407079647,6,50,13.638117967449103,98.00884955752213,99,94,-5,2024-05-18,2024-09-18
supernatural,Ariana Grande,12,23.833333333333332,9,46,12.246211535397263,84.83333333333333,77,87,10,2025-03-10,2025-03-22
Holly Jolly Christmas,Michael Bublé,34,23.91176470588235,15,44,7.959624047231254,80.11764705882354,73,83,10,2024-11-24,2024-12-27
Welcome To New York (Taylor's Version),Taylor Swift,10,24.0,9,45,12.292725943057183,77.6,0,88,88,2024-10-29,2024-11-07
"Am I Dreaming (Metro Boomin & A$AP Rocky, Roisee)",Metro Boomin,28,24.071428571428573,12,47,10.687232158839405,87.71428571428571,72,92,20,2024-06-04,2024-07-01
SKINNY,Billie Eilish,14,24.071428571428573,9,41,11.391388688993816,85.92857142857143,61,90,29,2025-05-19,2025-06-01
Sarah's Place (feat. Noah Kahan),Zach Bryan & Noah Kahan,13,24.076923076923077,4,41,14.86865572528072,66.07692307692308,0,75,75,2024-09-24,2024-10-06
Hey Jane,"Tyler, The Creator",10,24.1,6,42,12.60026454748735,81.4,75,83,8,2025-10-30,2025-11-08
Dial Drunk,Noah Kahan,24,24.125,3,43,13.879332461081024,82.70833333333333,71,80,9,2024-06-11,2025-02-11
née-nah,21 Savage,27,24.14814814814815,4,49,15.396562312871373,87.77777777777777,77,90,13,2025-01-14,2025-02-10
Good Graces,Sabrina Carpenter,67,24.19402985074627,6,48,12.30574983366688,87.29850746268657,52,87,35,2025-08-24,2025-10-29
BURN,¥$ & Kanye West & Ty Dolla $ign,22,24.227272727272727,6,48,8.5129135417727,79.45454545454545,0,89,89,2025-02-16,2025-03-10
Is It Over Now? (Taylor's Version) (From The Vault),Taylor Swift,89,24.39325842696629,1,50,17.8749558025697,91.75280898876404,0,92,92,2024-10-29,2025-02-07
Guilty as Sin?,Taylor Swift,39,24.564102564102566,10,49,12.516925113820617,82.87179487179488,79,83,4,2025-04-21,2025-06-02
La Víctima,Xavi,73,24.78082191780822,14,49,7.390396499930132,94.91780821917808,89,93,4,2024-12-28,2025-03-23
500lbs,Lil Tecca,185,24.864864864864863,12,50,10.02215524573845,83.36756756756756,30,84,54,2024-09-24,2025-04-20
Boy's a Liar Pt. 2,PinkPantheress & Ice Spice,100,24.87,9,49,10.609367882616137,94.21,96,91,-5,2024-05-18,2024-09-05
BAND4BAND (feat. Lil Baby),Central Cee & Lil Baby,34,24.91176470588235,11,50,12.42521299630574,86.61764705882354,79,90,11,2025-05-28,2025-06-30
ONE CALL,Rich Amiri,80,24.9125,13,50,9.71257015353515,85.675,79,86,7,2025-01-31,2025-05-11
Slim Pickins,Sabrina Carpenter,16,24.9375,13,46,10.298664962022988,79.75,49,85,36,2025-08-24,2025-09-08
TQM,Fuerza Regida,68,25.029411764705884,8,46,10.130448544290438,92.58823529411765,75,94,19,2024-05-22,2024-07-28
Standing Next to You,Jung Kook,14,25.071428571428573,17,36,7.332375894874476,86.0,0,96,96,2024-11-04,2024-11-17
Judge Judy,"Tyler, The Creator",12,25.166666666666668,8,48,12.705284035559472,81.25,75,83,8,2025-10-30,2025-11-10
White Christmas - 1947 Version,Bing Crosby & Fred Astaire,56,25.285714285714285,11,48,10.494525474506457,82.82142857142857,68,90,22,2024-11-02,2024-12-27
LUNA,Peso Pluma,14,25.285714285714285,8,48,15.622609707277913,73.57142857142857,76,84,8,2024-06-25,2024-07-08
"I Love You, I'm Sorry",Gracie Abrams,104,25.423076923076923,9,50,11.036296962061233,88.8173076923077,84,90,6,2025-08-08,2025-11-27
Pour Me A Drink (Feat. Blake Shelton),Post Malone & Blake Shelton,28,25.428571428571427,9,45,12.996947138487366,80.78571428571429,42,86,44,2025-06-22,2025-07-20
Guess featuring Billie Eilish,Charli xcx & Billie Eilish,66,25.454545454545453,4,43,9.916857160615752,90.81818181818181,79,90,11,2025-08-04,2025-10-09
Surround Sound (feat. 21 Savage & Baby Tate),JID,109,25.495412844036696,9,49,11.968031377777347,92.1743119266055,87,90,3,2024-11-28,2025-03-23
End of Beginning,Djo,147,25.517006802721088,3,50,16.22713512198246,94.7687074829932,80,92,12,2025-02-18,2025-08-08
Super Shy,NewJeans,51,25.54901960784314,9,50,10.551424028045119,91.54901960784314,0,94,94,2024-07-09,2024-09-09
PERRO NEGRO,Bad Bunny,36,25.583333333333332,11,49,12.586557455135564,91.16666666666667,0,95,95,2024-10-14,2025-01-03
Type Shit,Future & Metro Boomin,85,25.67058823529412,3,50,13.612309061404433,88.61176470588235,0,84,84,2025-03-24,2025-06-19
Cupid - Twin Ver.,FIFTY FIFTY,71,25.746478873239436,7,50,11.819739312884495,98.19718309859155,97,97,0,2024-05-18,2024-07-28
Spotless (feat. The Lumineers),Zach Bryan,28,25.821428571428573,6,47,15.444173230460954,81.25,41,84,43,2024-08-26,2024-09-22
I Can See You (Taylor’s Version) (From The Vault),Taylor Swift,36,25.916666666666668,1,50,17.96723207874347,89.30555555555556,0,91,91,2024-07-09,2024-08-22
Take Your Mask Off (feat. Daniel Caesar & LaToiya Williams),"Tyler, The Creator",12,26.0,8,50,13.259644860183165,81.16666666666667,74,83,9,2025-10-30,2025-11-10
16 CARRIAGES,Beyoncé,10,26.0,16,49,10.63537075569588,64.5,72,62,-10,2025-02-14,2025-04-05
MY EYES,Travis Scott,27,26.14814814814815,6,46,12.58418942013443,86.51851851851852,0,90,90,2024-07-29,2025-03-09
UN PREVIEW,Bad Bunny,17,26.235294117647058,3,50,14.337579170508118,74.3529411764706,0,82,82,2024-09-27,2024-10-18
Something in the Orange,Zach Bryan,535,26.304672897196262,9,49,9.352375403536978,88.36635514018691,88,85,-3,2024-05-18,2025-11-23
Rich Baby Daddy (feat. Sexyy Red & SZA),Drake,140,26.307142857142857,10,50,9.68934475854527,88.75,0,89,89,2024-10-07,2025-03-30
3D (feat. Jack Harlow),Jung Kook & Jack Harlow,12,26.333333333333332,9,50,18.430870020076906,66.25,0,84,84,2024-09-30,2024-10-11
don't wanna break up again,Ariana Grande,11,26.363636363636363,7,48,13.36617168281724,84.18181818181819,77,86,9,2025-03-10,2025-03-21
Style (Taylor's Version),Taylor Swift,18,26.38888888888889,5,50,15.782115301780454,84.0,0,90,90,2024-10-29,2024-11-15
Thought I Was Dead (feat. ScHoolboy Q & Santigold),"Tyler, The Creator",25,26.4,6,49,14.130345596151095,83.48,74,85,11,2025-10-30,2025-11-23
"What Was I Made For? [From The Motion Picture ""Barbie""]",Billie Eilish,142,26.45774647887324,3,50,13.732822017319844,95.2394366197183,81,93,12,2024-07-16,2025-03-16
Fresh Out The Slammer,Taylor Swift,18,26.5,14,50,11.84830591017874,80.83333333333333,79,81,2,2025-04-21,2025-05-08
Overtime,Zach Bryan,12,26.5,2,47,16.09347693943108,77.25,44,83,39,2024-08-26,2024-09-09
Sharpest Tool,Sabrina Carpenter,23,26.52173913043478,8,49,13.84941602056462,82.69565217391305,51,87,36,2025-08-24,2025-09-15
Ticking,Zach Bryan,13,26.615384615384617,10,48,13.200621585986406,76.76923076923077,41,83,42,2024-08-26,2024-09-09
The Smallest Man Who Ever Lived,Taylor Swift,28,26.785714285714285,12,43,10.764678670462342,80.03571428571429,77,80,3,2025-04-21,2025-05-18
It's Beginning to Look a Lot Like Christmas (with Mitchell Ayres & His Orchestra),Perry Como,34,26.88235294117647,15,45,9.101330924591766,86.97058823529412,79,90,11,2024-11-24,2024-12-27
TOPIA TWINS (feat. Rob49 & 21 Savage),Travis Scott,18,26.944444444444443,7,46,11.628930567502362,89.22222222222223,86,90,4,2024-08-01,2024-08-18
First Person Shooter (feat. J. Cole),Drake,137,26.94890510948905,1,50,14.116282405061856,89.33576642335767,0,88,88,2024-10-07,2025-03-09
DEVIL IS A LIE,Tommy Richman,46,27.0,13,49,10.130262692656206,83.95652173913044,68,88,20,2025-06-18,2025-08-03
Coincidence,Sabrina Carpenter,24,27.041666666666668,12,50,12.369243647280825,82.5,50,87,37,2025-08-24,2025-09-16
We Don't Trust You,Future & Metro Boomin,13,27.307692307692307,4,48,16.947883916016455,78.15384615384616,0,86,86,2025-03-24,2025-04-06
Summertime's Close,Zach Bryan,12,27.333333333333332,4,46,14.754557590689384,76.75,43,83,40,2024-08-26,2024-09-09
Flooded The Face,Lil Uzi Vert,27,27.40740740740741,2,50,14.468159362117742,86.66666666666667,79,88,9,2024-07-02,2024-07-28
Self Love (Spider-Man: Across the Spider-Verse) (Metro Boomin & Coi Leray),Metro Boomin,25,27.44,17,50,10.801543099637819,86.64,77,90,13,2024-06-06,2024-06-30
Red Wine Supernova,Chappell Roan,149,27.543624161073826,14,49,9.538317618580638,86.25503355704699,80,85,5,2025-04-16,2025-10-29
28,Zach Bryan,100,27.57,10,50,12.255079342744775,84.87,67,83,16,2025-07-06,2025-10-26
Lies Lies Lies,Morgan Wallen,106,27.88679245283019,8,48,12.868803736698174,85.26415094339623,69,83,14,2025-07-07,2025-10-23
I Killed You,"Tyler, The Creator",10,27.9,7,46,13.453211099543815,80.7,75,82,7,2025-10-30,2025-11-08
MATHEMATICAL DISRESPECT,Lil Mabu,14,27.928571428571427,10,50,15.112217602956916,86.5,84,88,4,2024-05-18,2024-06-03
PRC,Peso Pluma & Natanael Cano,44,27.931818181818183,12,45,9.107619420082127,95.27272727272727,96,95,-1,2024-05-18,2024-07-01
WILDFLOWER,Billie Eilish,147,27.959183673469386,10,50,12.536455088196254,90.07482993197279,59,93,34,2025-05-19,2025-11-27
Think U The Shit (Fart),Ice Spice,15,28.0,14,49,11.777702904823409,80.26666666666667,69,85,16,2025-01-28,2025-02-12
Big Dawgs,Hanumankind & Kalmi,59,28.16949152542373,13,49,10.648219119958561,89.77966101694915,74,91,17,2025-07-31,2025-10-01
Dance The Night - From Barbie The Album,Dua Lipa,43,28.372093023255815,14,50,8.775027488259626,95.53488372093024,97,91,-6,2024-08-31,2025-01-03
QLONA,KAROL G,85,28.4,14,50,10.666145820617055,89.44705882352942,57,92,35,2024-08-13,2025-01-02
Tough,Quavo & Lana Del Rey,20,28.45,15,42,10.0024996875781,84.35,69,88,19,2025-07-05,2025-07-25
I Can Fix Him (No Really I Can),Taylor Swift,15,28.466666666666665,16,50,12.07042824821216,79.8,78,80,2,2025-04-21,2025-05-05
TELEKINESIS (feat. SZA & Future),Travis Scott,67,28.611940298507463,10,47,11.82697894758779,90.56716417910448,85,90,5,2024-08-01,2024-10-06
The Alchemy,Taylor Swift,21,28.761904761904763,11,49,14.470330894298035,80.42857142857143,77,80,3,2025-04-21,2025-05-15
Popular (with Playboi Carti & Madonna) - Music from the HBO Original Series,The Weeknd & Madonna,27,28.962962962962962,21,46,7.089979285428571,93.07407407407408,89,95,6,2024-12-28,2025-01-23
LADY GAGA,Peso Pluma,150,29.066666666666666,7,50,10.963433221803681,92.17333333333333,77,94,17,2024-06-25,2024-11-24
obsessed,Olivia Rodrigo,27,29.074074074074073,9,43,11.020700542880224,85.48148148148148,48,90,42,2025-03-24,2025-04-20
pretty isn’t pretty,Olivia Rodrigo,14,29.142857142857142,14,50,13.88334443667133,83.92857142857143,76,86,10,2024-09-10,2024-09-23
Flowers,Miley Cyrus,76,29.157894736842106,14,48,9.758487084350657,91.13157894736842,91,95,4,2024-05-18,2025-02-12
Mourning,Post Malone,11,29.181818181818183,9,47,11.347406591976705,73.9090909090909,73,75,2,2024-05-21,2024-08-01
Wildest Dreams (Taylor's Version),Taylor Swift,15,29.2,10,50,13.417472617023352,79.2,0,86,86,2024-10-29,2024-11-14
Balloon (feat. Doechii),"Tyler, The Creator",13,29.307692307692307,13,50,11.250071224845758,80.0,72,82,10,2025-10-30,2025-11-21
THE GREATEST,Billie Eilish,18,29.333333333333332,11,50,12.83836163269148,85.77777777777777,58,89,31,2025-05-19,2025-06-07
See You Again (feat. Kali Uchis),"Tyler, The Creator",443,29.340857787810382,4,50,11.786710293123722,91.08352144469526,94,90,-4,2024-05-18,2025-11-26
BLUE,Billie Eilish,21,29.428571428571427,17,46,9.20636425833471,86.85714285714286,58,90,32,2025-05-19,2025-06-08
Bye,Peso Pluma,24,29.458333333333332,21,42,5.283108165091641,87.70833333333333,81,91,10,2024-06-02,2024-07-01
Clara Bow,Taylor Swift,13,29.46153846153846,19,48,10.40525015409196,78.61538461538461,76,79,3,2025-04-21,2025-05-03
Young Metro,Future & Metro Boomin,13,29.53846153846154,6,49,16.199873377156297,77.61538461538461,0,86,86,2025-03-24,2025-04-06
imgonnagetyouback,Taylor Swift,15,29.733333333333334,22,44,8.258905727124134,86.2,79,88,9,2025-04-21,2025-05-05
Jingle Bells - Remastered 1999,Frank Sinatra,34,29.764705882352942,17,46,9.403606089507953,84.79411764705883,77,88,11,2024-11-24,2024-12-27
Tourniquet,Zach Bryan,42,29.833333333333332,8,49,14.447409535152756,82.5,40,85,45,2024-08-26,2024-10-06
Houdini,Dua Lipa,13,29.923076923076923,8,50,15.315904252668956,85.6923076923077,58,91,33,2024-11-11,2024-11-23
loml,Taylor Swift,22,29.954545454545453,13,49,12.785696147415125,81.5909090909091,78,82,4,2025-04-21,2025-05-12
THE DINER,Billie Eilish,14,30.214285714285715,16,43,9.664992908020569,83.78571428571429,57,88,31,2025-05-19,2025-06-01
L’AMOUR DE MA VIE,Billie Eilish,26,30.26923076923077,12,50,12.27210721044334,86.3076923076923,58,85,27,2025-05-19,2025-06-13
Dumb & Poetic,Sabrina Carpenter,14,30.285714285714285,16,47,12.079407597729613,78.14285714285714,49,84,35,2025-08-24,2025-09-06
"One Of The Girls (with JENNIE, Lily Rose Depp)",The Weeknd & JENNIE & Lily-Rose Depp,53,30.41509433962264,15,50,9.884786216637218,96.01886792452831,92,94,2,2024-12-28,2025-04-20
Deck The Hall,Nat King Cole,12,30.416666666666668,22,48,7.166314297186564,87.91666666666667,87,88,1,2024-12-16,2024-12-27
Snooze,SZA,281,30.483985765124554,9,50,12.325956632816867,91.87188612099644,92,85,-7,2024-05-18,2025-06-21
Santa Baby (with Henri René & His Orchestra),Eartha Kitt,23,30.565217391304348,18,50,11.288876612748746,77.30434782608695,70,79,9,2024-11-25,2024-12-27
august,Taylor Swift,39,30.641025641025642,9,49,10.810538667836996,91.7948717948718,90,85,-5,2024-08-03,2025-08-03
Don’t Smile,Sabrina Carpenter,15,30.8,19,48,11.626324809303608,78.33333333333333,48,84,36,2025-08-24,2025-09-07
El Azul,Junior H & Peso Pluma,70,30.84285714285714,21,46,5.867216001008015,94.92857142857143,95,94,-1,2024-05-18,2024-07-28
Search & Rescue,Drake,84,31.0,11,50,12.55445967898759,90.16666666666667,91,87,-4,2024-05-18,2024-09-09
Gata Only,FloyyMenor & Cris Mj,113,31.02654867256637,13,50,8.941736185870116,96.22123893805309,94,96,2,2025-04-04,2025-07-30
The Black Dog,Taylor Swift,15,31.066666666666666,20,48,10.208306608322646,86.33333333333333,79,88,9,2025-04-21,2025-05-05
Night Changes,One Direction,10,31.1,16,48,9.723396754449777,88.0,86,89,3,2025-10-19,2025-10-28
Ain't No Love In Oklahoma (From Twisters: The Album),Luke Combs,121,31.214876033057852,15,50,9.54917676344428,83.65289256198348,64,84,20,2025-05-19,2025-10-26
Cowgirls (feat. ERNEST),Morgan Wallen,184,31.39673913043478,17,50,8.749719134751677,84.80978260869566,84,83,-1,2025-05-06,2025-11-22
Water,Tyla,52,31.423076923076923,11,50,8.289719959900616,94.36538461538461,91,94,3,2024-10-19,2025-03-05
Little Saint Nick - 1991 Remix,The Beach Boys,22,31.5,18,49,10.675963210698622,82.5909090909091,74,85,11,2024-11-25,2024-12-27
NIGHTS LIKE THIS,The Kid LAROI,147,31.591836734693878,20,49,6.092612978408257,87.60544217687075,79,88,9,2025-06-28,2025-11-27
BITTERSUITE,Billie Eilish,10,31.6,19,50,12.482877161224579,81.8,57,87,30,2025-05-19,2025-05-30
FE!N (feat. Playboi Carti),Travis Scott,231,31.6017316017316,2,50,13.361749317159251,91.85281385281385,89,89,0,2024-08-01,2025-11-12
Apple,Charli xcx,47,31.70212765957447,15,45,8.799493299683503,87.68085106382979,82,90,8,2025-07-25,2025-09-10
High Road (feat. Jessie Murph),Koe Wetzel & Jessie Murph,26,31.807692307692307,17,45,8.537068493431361,75.46153846153847,64,82,18,2025-06-10,2025-07-05
FUK SUMN,¥$ & Kanye West & Ty Dolla $ign,12,31.916666666666668,8,47,12.258268699745145,71.25,0,88,88,2025-02-16,2025-03-02
Austin (Boots Stop Workin'),Dasha,134,31.970149253731343,19,50,7.524336753932427,90.24626865671642,92,88,-4,2025-05-31,2025-10-21
Juno,Sabrina Carpenter,87,32.11494252873563,11,49,10.618572241603244,86.42528735632185,49,88,39,2025-08-24,2025-11-24
Anti-Hero,Taylor Swift,120,32.208333333333336,12,50,10.487203753958,93.90833333333333,94,92,-2,2024-05-18,2025-02-07
Austin,Dasha,64,32.234375,14,50,8.625805115401628,84.796875,76,92,16,2025-03-15,2025-05-30
One Of Your Girls,Troye Sivan,10,32.4,24,45,6.915361322607968,82.3,77,86,9,2024-10-19,2024-10-28
SABOR FRESA,Fuerza Regida,47,32.40425531914894,10,50,10.791823745756874,91.31914893617021,76,93,17,2024-06-25,2024-08-24
You Proof,Morgan Wallen,301,32.584717607973424,9,50,12.04340617668671,84.66112956810632,86,83,-3,2024-05-18,2025-08-12
Run Rudolph Run,Chuck Berry,20,32.65,21,49,8.886861976506312,86.2,78,89,11,2024-11-25,2024-12-27
So High School,Taylor Swift,18,32.77777777777778,21,50,9.65618092546735,86.27777777777777,78,89,11,2025-04-21,2025-05-16
Dial Drunk (with Post Malone),Noah Kahan & Post Malone,35,32.8,4,49,13.564226306506306,84.65714285714286,72,87,15,2024-07-20,2024-08-25
Smaller Acts,Zach Bryan,11,33.0,19,50,11.907980517283358,74.18181818181819,39,81,42,2024-08-26,2024-09-08
HARLEY QUINN,Fuerza Regida,58,33.05172413793103,18,50,9.74305405087925,93.13793103448276,87,94,7,2024-11-04,2025-01-30
AMG,Natanael Cano & Peso Pluma & Gabito Ballesteros,34,33.05882352941177,20,48,8.492210964102547,94.23529411764706,95,94,-1,2024-05-18,2024-06-20
Blue Christmas,Elvis Presley,30,33.06666666666667,16,48,10.705890525968542,86.13333333333334,79,89,10,2024-11-25,2024-12-27
It's ok I'm ok,Tate McRae,26,33.11538461538461,9,50,12.277872529316872,84.11538461538461,74,85,11,2025-09-15,2025-11-17
The Emptiness Machine,Linkin Park,16,33.125,17,46,9.932270636667125,87.3125,77,69,-8,2025-09-08,2025-11-17
MI EX TENÍA RAZÓN,KAROL G,15,33.13333333333333,13,50,10.070229580775395,76.46666666666667,62,84,22,2024-08-13,2024-08-27
act ii: date @ 8 (feat. Drake) - remix,4batz & Drake,13,33.23076923076923,16,49,8.955015784034538,82.3076923076923,74,85,11,2025-03-10,2025-03-23
Strangers,Kenya Grace,83,33.24096385542169,15,50,9.794959332633592,95.79518072289157,89,96,7,2024-09-18,2025-01-13
The Albatross,Taylor Swift,10,33.3,24,49,9.45221902224258,84.6,78,87,9,2025-04-21,2025-05-01
WHATCHU KNO ABOUT ME (feat. Sexyy Red),GloRilla,12,33.416666666666664,22,48,6.921092049056645,78.25,77,80,3,2025-11-16,2025-11-27
As It Was,Harry Styles,92,33.71739130434783,23,50,6.787716907195761,92.78260869565217,92,93,1,2024-05-18,2025-01-03
Religiously,Bailey Zimmerman,67,33.88059701492537,21,50,7.170060622835936,85.26865671641791,84,85,1,2024-07-19,2024-10-01
360,Charli xcx,43,34.04651162790697,19,50,9.596510993888035,87.69767441860465,85,88,3,2025-07-18,2025-08-31
Style,Taylor Swift,38,34.39473684210526,8,50,10.854167150153476,82.89473684210526,84,83,-1,2024-07-16,2024-10-28
Christmas (Baby Please Come Home),Darlene Love,31,34.45161290322581,20,50,9.26944338378315,81.64516129032258,74,85,11,2024-11-25,2024-12-27
The Prophecy,Taylor Swift,13,34.46153846153846,25,50,8.66617355599137,84.92307692307692,77,88,11,2025-04-21,2025-05-03
No Role Modelz,J. Cole,271,34.49815498154982,19,50,7.483747594940694,90.5350553505535,90,88,-2,2024-05-18,2025-04-12
Spin You Around (1/24),Morgan Wallen,10,34.5,23,50,9.991663191547909,76.4,67,81,14,2025-01-28,2025-02-06
Feather,Sabrina Carpenter,120,34.68333333333333,19,50,8.029340453813704,90.53333333333333,87,89,2,2024-12-29,2025-07-05
Praise Jah In The Moonlight,YG Marley,41,34.73170731707317,21,50,9.995059755308874,92.85365853658537,87,92,5,2025-02-05,2025-03-26
Wasted On You,Morgan Wallen,193,34.740932642487046,14,50,11.073393090752006,86.56994818652849,86,85,-1,2024-05-18,2025-04-20
Tell Ur Girlfriend,Lay Bankz,33,34.75757575757576,16,50,9.31071393285144,87.0909090909091,78,91,13,2025-04-11,2025-05-14
Por las Noches,Peso Pluma,41,35.146341463414636,20,50,10.245879600136231,92.82926829268293,93,92,-1,2024-05-18,2024-07-18
Murder On The Dancefloor,Sophie Ellis-Bextor,31,35.193548387096776,20,47,6.794210058761847,87.61290322580645,77,94,17,2025-01-07,2025-02-06
Everybody (feat. Lil Uzi Vert),Nicki Minaj,30,35.3,23,50,8.554692199061849,83.1,70,88,18,2024-12-10,2025-01-13
How Did It End?,Taylor Swift,10,35.3,28,50,7.972870666621067,84.1,78,87,9,2025-04-21,2025-05-01
Let It Snow! Let It Snow! Let It Snow! (with The B. Swanson Quartet),Frank Sinatra,23,35.391304347826086,23,50,7.83778221434646,88.34782608695652,80,91,11,2024-11-25,2024-12-27
"One Of The Girls (with JENNIE, Lily Rose Depp)",The Weeknd,40,35.575,20,50,7.132042178859126,81.075,32,86,54,2025-02-11,2025-03-29
Single Soon,Selena Gomez,10,35.6,21,48,8.630694577430537,75.8,0,88,88,2024-08-26,2024-09-06
Close To You,Gracie Abrams,21,35.76190476190476,26,49,7.725961182304516,70.95238095238095,68,77,9,2025-06-09,2025-06-29
Sunflower - Spider-Man: Into the Spider-Verse,Post Malone,44,36.09090909090909,26,50,6.781706521251163,87.18181818181819,85,88,3,2024-06-05,2024-07-28
Bye Bye Bye - From Deadpool and Wolverine Soundtrack,*NSYNC,16,36.3125,24,46,5.918544303007851,85.25,79,89,10,2025-07-31,2025-08-16
Get It Sexyy,Sexyy Red,56,36.42857142857143,26,49,7.1219434090757785,79.41071428571429,76,67,-9,2025-03-29,2025-06-03
Can’t Catch Me Now - from The Hunger Games: The Ballad of Songbirds & Snakes,Olivia Rodrigo & Rachel Zegler & Flatland Cavalry,35,36.51428571428571,13,49,10.533898860824703,78.77142857142857,34,86,52,2024-11-18,2025-01-12
SLUT ME OUT,NLE Choppa,33,36.54545454545455,17,49,9.21646254363255,76.03030303030303,75,78,3,2024-05-18,2024-06-22
you look like you love me (feat. Riley Green),Ella Langley & Riley Green,18,36.611111111111114,22,50,8.261454713724945,78.77777777777777,72,83,11,2025-06-29,2025-07-20
Creepin' (with The Weeknd & 21 Savage),Metro Boomin,55,36.70909090909091,24,48,6.468363830191575,95.92727272727272,96,96,0,2024-05-18,2024-07-22
No One Noticed,The Marías,52,36.75,17,50,9.622023349240704,80.90384615384616,77,84,7,2025-10-02,2025-11-27
Bandit,Don Toliver,49,36.87755102040816,9,49,9.826903236059891,85.79591836734694,76,86,10,2025-02-04,2025-05-10
act ii: date @ 8,4batz,52,37.09615384615385,25,50,6.834915021301749,85.09615384615384,84,88,4,2025-01-18,2025-03-13
Karma,Taylor Swift,95,37.136842105263156,24,50,5.758639256962126,89.86315789473684,88,89,1,2024-05-18,2024-11-16
Blank Space,Taylor Swift,21,37.142857142857146,12,50,10.160146230668701,82.95238095238095,83,83,0,2024-08-10,2024-10-28
Daylight,David Kushner,55,37.2,17,50,9.101078487170058,97.4,96,96,0,2024-05-18,2024-09-14
Sweater Weather,The Neighbourhood,183,37.24590163934426,21,50,7.906713806698787,90.93442622950819,91,90,-1,2024-09-12,2025-11-27
Speed Drive (From Barbie The Album),Charli XCX,30,37.333333333333336,23,49,8.018656407074234,87.93333333333334,84,89,5,2024-07-25,2024-08-23
Slow It Down,Benson Boone,197,37.36040609137056,19,50,7.2137238704532045,87.13197969543147,48,87,39,2025-03-24,2025-11-18
Stargazing,Myles Smith,76,37.43421052631579,23,50,7.584783936831761,90.75,87,93,6,2025-05-24,2025-08-16
Mele Kalikimaka (Merry Christmas),Bing Crosby,18,37.55555555555556,23,48,8.603844709828838,83.66666666666667,76,86,10,2024-11-25,2024-12-27
exes,Tate McRae,66,37.621212121212125,13,50,10.090002899313678,83.74242424242425,48,91,43,2024-11-18,2025-02-10
Wanna Be (with Megan Thee Stallion),GloRilla,19,37.63157894736842,25,50,8.970386628084093,75.73684210526316,59,81,22,2025-04-08,2025-06-08
Somebody Save Me,Eminem,10,37.7,24,49,7.5726114679444905,78.4,71,82,11,2025-07-14,2025-07-24
TULUM,Peso Pluma,22,37.90909090909091,28,50,6.753546446896595,88.9090909090909,77,93,16,2024-07-03,2024-08-20
Wonderful Christmastime - Edited Version / Remastered 2011,Paul McCartney,13,38.0,26,49,8.366600265340756,90.61538461538461,89,91,2,2024-12-11,2024-12-27
LALA,Myke Towers,49,38.02040816326531,29,50,5.5508625302678825,98.6938775510204,96,99,3,2024-07-16,2024-09-11
Please Come Home for Christmas - 2013 Remaster,Eagles,12,38.416666666666664,24,49,9.976867183032896,87.33333333333333,86,88,2,2024-12-12,2024-12-27
Father Stretch My Hands Pt. 1,Kanye West,38,38.5,24,50,9.125994947608936,90.26315789473684,88,90,2,2025-01-03,2025-03-08
Did It First (with Central Cee),Ice Spice & Central Cee,17,38.64705882352941,28,48,6.382996714617947,83.88235294117646,79,87,8,2025-07-18,2025-08-03
Superhero (Heroes & Villains) [with Future & Chris Brown],Metro Boomin,40,38.675,25,50,6.244536073178759,90.225,90,91,1,2024-05-18,2024-07-08
one of wun,Gunna,68,38.69117647058823,19,50,9.159054492264689,84.20588235294117,77,85,8,2025-05-17,2025-11-07
Mamushi (feat. Yuki Chiba),Megan Thee Stallion,36,38.72222222222222,25,50,7.595529177882439,84.47222222222223,75,88,13,2025-07-05,2025-08-12
Diet Pepsi,Addison Rae,29,38.86206896551724,26,50,6.127946159842709,87.37931034482759,86,88,2,2025-10-03,2025-11-01
Chemical,Post Malone,26,38.96153846153846,27,50,8.258235982245935,90.0,90,89,-1,2024-05-18,2024-08-23
Scared To Start,Michael Marcagi,127,38.976377952755904,13,50,10.540522386176036,89.14173228346456,90,88,-2,2025-03-03,2025-09-07
Thinkin’ Bout Me,Morgan Wallen,323,39.04643962848297,21,50,7.136274104309678,85.984520123839,87,83,-4,2024-05-18,2025-10-14
Guess featuring billie eilish,Charli xcx,11,39.09090909090909,21,50,9.202766382502007,71.18181818181819,60,78,18,2025-10-13,2025-10-28
Pink + White,Frank Ocean,216,39.592592592592595,23,50,6.853329914838429,89.81018518518519,89,87,-2,2024-08-24,2025-11-23
Say Yes To Heaven,Lana Del Rey,15,39.6,10,50,10.795501708714474,86.66666666666667,77,91,14,2024-05-21,2024-06-08
Christmas Time Is Here,Vince Guaraldi Trio,12,39.75,27,50,9.245391972613854,82.91666666666667,82,83,1,2024-12-12,2024-12-27
MILLION DOLLAR BABY (VHS),Tommy Richman,14,39.857142857142854,30,50,5.627639795716288,78.42857142857143,71,83,12,2025-04-29,2025-05-12
Mistletoe,Justin Bieber,29,40.0,29,50,7.111359122659224,89.86206896551724,83,92,9,2024-11-25,2024-12-27
Area Codes,Kaliii,10,40.0,24,50,9.921917377424812,91.0,91,91,0,2024-06-30,2024-07-16
Just Wanna Rock,Lil Uzi Vert,32,40.0625,16,50,8.41633396553124,86.34375,90,76,-14,2024-05-18,2024-07-08
Home,Good Neighbours,52,40.17307692307692,27,50,5.853509601993789,84.48076923076923,80,90,10,2025-02-02,2025-04-13
Heading South,Zach Bryan,212,40.60849056603774,27,50,6.041132594047903,84.80660377358491,85,83,-2,2024-08-26,2025-11-14
Smeraldo Garden Marching Band (feat. Loco),Jimin & Loco,14,40.714285714285715,24,49,7.965585317511165,88.64285714285714,78,93,15,2025-06-30,2025-07-17
Or What,NLE Choppa,13,40.76923076923077,35,50,4.342692063567753,65.76923076923077,61,69,8,2025-10-08,2025-10-20
Deli,Ice Spice,33,40.81818181818182,19,50,7.739729264703584,82.42424242424242,68,86,18,2024-07-23,2024-08-25
LA PATRULLA,Peso Pluma,44,41.13636363636363,33,49,3.7141521245404467,86.79545454545455,87,87,0,2025-09-16,2025-10-29
Deck The Halls,Nat King Cole,15,41.2,30,50,6.212889826803628,83.93333333333334,79,87,8,2024-11-25,2024-12-15
Casual,Chappell Roan,81,41.75308641975309,29,50,5.8170672683869045,85.9753086419753,85,85,0,2025-07-20,2025-10-17
Mmhmm,BigXthaPlug,58,42.206896551724135,31,50,5.336924078595239,80.32758620689656,79,79,0,2025-03-18,2025-11-08
Moonlight,Kali Uchis,105,42.266666666666666,30,50,5.319171903932952,86.78095238095239,86,85,-1,2024-05-18,2024-10-06
NEL,Fuerza Regida,10,42.3,31,49,5.945119380167602,87.2,87,88,1,2025-10-02,2025-10-26
BELLAKEO,Peso Pluma & Anitta,27,42.407407407407405,30,49,6.558958989042621,92.77777777777777,87,95,8,2024-12-28,2025-01-30
Calm Down (with Selena Gomez),Rema,52,42.55769230769231,35,49,3.7069804928077668,81.40384615384616,78,80,2,2024-05-18,2025-01-03
Rush,Troye Sivan,10,42.8,38,46,3.2249030993194205,85.1,78,89,11,2024-07-16,2024-07-28
Evergreen,Richy Mitch & The Coal Miners,54,42.98148148148148,32,50,5.594777688741801,88.92592592592592,90,88,-2,2025-02-24,2025-09-18
Lovers Rock,TV Girl,66,42.984848484848484,35,50,4.394025399045756,90.0,88,87,-1,2024-10-04,2025-09-25
El Gordo Trae El Mando,Chino Pacas,32,43.0625,31,50,6.405327923412788,91.6875,92,92,0,2024-05-18,2024-06-29
golden hour,JVKE,40,43.1,31,50,5.309884348540163,90.3,90,91,1,2024-05-18,2024-06-30
Femininomenon,Chappell Roan,12,43.166666666666664,41,50,2.5166114784235845,84.41666666666667,84,85,1,2025-08-04,2025-08-16
un x100to,Grupo Frontera,21,43.19047619047619,21,50,7.131753274048729,71.19047619047619,44,80,36,2024-08-05,2024-09-17
Heartless,Kanye West,55,43.38181818181818,34,50,3.856168262671337,90.23636363636363,87,90,3,2024-12-28,2025-03-09
Clouded,Brent Faiyaz,18,43.388888888888886,34,50,4.729617431225451,85.55555555555556,85,87,2,2024-09-19,2024-10-20
Sure Thing,Miguel,16,43.625,35,50,4.5,90.875,91,90,-1,2024-05-18,2025-01-11
Magnetic,ILLIT,12,43.666666666666664,35,50,4.7161874689651855,90.33333333333333,87,93,6,2025-04-04,2025-04-20
Where the Wild Things Are,Luke Combs,46,43.67391304347826,34,50,4.94437659400876,84.26086956521739,84,85,1,2025-03-18,2025-08-02
Not Allowed,TV Girl,25,43.72,38,50,3.8678159211627423,88.96,86,90,4,2024-12-28,2025-01-27
505,Arctic Monkeys,17,43.76470588235294,36,50,3.7504901640436588,80.17647058823529,84,80,-4,2025-09-09,2025-10-02
Die For You,The Weeknd,35,43.97142857142857,33,50,4.7433279102193175,91.02857142857142,91,89,-2,2024-05-18,2024-09-22
Dreams - 2004 Remaster,Fleetwood Mac,12,44.0,38,50,3.5161962919661303,88.66666666666667,87,89,2,2024-10-02,2024-10-28
Rich Flex,Drake & 21 Savage,18,44.05555555555556,38,49,3.472111109333277,90.0,90,90,0,2024-05-18,2024-06-12
Bad Habit,Steve Lacy,34,44.11764705882353,35,50,3.4532786869639636,85.0,85,85,0,2024-05-18,2024-06-24
Sun to Me,Zach Bryan,82,44.207317073170735,33,50,4.4186412214505975,83.9390243902439,84,83,-1,2024-09-05,2025-10-19
Jimmy Cooks (feat. 21 Savage),Drake,86,44.24418604651163,34,50,3.9285861743998143,89.3953488372093,89,89,0,2024-05-18,2024-11-17
Yeah Glo!,GloRilla,28,44.285714285714285,32,49,4.378881498122916,77.75,80,80,0,2025-05-13,2025-07-05
Popular (with Playboi Carti & Madonna),The Weeknd,17,44.411764705882355,28,50,6.042131489894645,74.94117647058823,20,85,65,2025-02-11,2025-03-05
Trance (with Travis Scott & Young Thug),Metro Boomin,19,44.421052631578945,33,50,4.7878989763973845,90.3157894736842,90,91,1,2024-05-18,2024-06-17
Que Onda,Calle 24 & Chino Pacas & Fuerza Regida,56,44.589285714285715,36,50,2.921872287136735,93.92857142857143,93,94,1,2024-10-22,2025-02-02
From The Start,Laufey,24,44.833333333333336,30,50,5.961227380670692,82.125,85,68,-17,2024-07-20,2024-09-14
Money Trees,Kendrick Lamar,41,45.073170731707314,35,50,4.479900913538373,84.70731707317073,84,83,-1,2024-05-18,2024-12-01
One Thing At A Time,Morgan Wallen,10,45.4,38,49,3.747591819348052,82.3,83,82,-1,2024-05-18,2024-05-31
cardigan,Taylor Swift,13,45.53846153846154,36,50,5.4713707090543044,91.53846153846153,92,91,-1,2024-08-07,2024-10-26
Dark Red,Steve Lacy,27,45.851851851851855,40,50,3.48296628336453,89.62962962962963,88,90,2,2024-10-02,2025-01-11
Wind Up Missin’ You,Tucker Wetmore,13,46.07692307692308,41,50,3.2005608482873353,71.6923076923077,73,44,-29,2025-06-09,2025-10-07
Shut up My Moms Calling,Hotel Ugly,45,46.355555555555554,41,50,2.939971826979696,89.24444444444444,89,86,-3,2024-09-18,2025-11-15
Si Antes Te Hubiera Conocido,KAROL G,51,46.568627450980394,36,50,3.312128632530956,95.31372549019608,92,96,4,2025-07-15,2025-09-21
we fell in love in october,girl in red,11,46.63636363636363,38,50,3.748939243912264,86.72727272727273,87,86,-1,2024-10-04,2025-10-11
Romantic Homicide,d4vd,22,47.72727272727273,43,50,2.051290376273482,90.31818181818181,91,90,-1,2024-05-18,2025-03-08
