best_rank,songs,average_popularity,average_days_on_chart
1,56,88.68863755749003,126.48214285714286
2,29,81.40090398313285,43.48275862068966
3,32,84.78737541294043,60.21875
4,32,80.29034436581831,44.34375
5,22,79.94909146540631,36.68181818181818
6,26,78.91254826890962,30.73076923076923
7,24,80.6934679106907,35.833333333333336
8,29,78.986681761647,19.344827586206897
9,32,79.86369749359987,58.46875
10,33,75.23343215531054,24.545454545454547
11,22,79.7879502878235,23.363636363636363
12,23,75.32249253621852,31.956521739130434
13,29,73.68071795325048,23.517241379310345
14,25,75.52902364007944,33.16
15,22,77.12539302795318,22.09090909090909
16,23,75.77166538171973,10.347826086956522
17,28,71.48053091711499,19.178571428571427
18,18,73.55488610312449,9.11111111111111
19,22,76.12858099482584,43.63636363636363
20,20,75.801462978976,19.6
21,24,70.74592969135006,35.583333333333336
22,16,66.80069444444445,6.9375
23,22,74.88593727126336,24.863636363636363
24,21,76.71094185680651,15.238095238095237
25,11,69.57454197848935,16.272727272727273
26,13,70.4626621830866,15.076923076923077
27,14,65.49969330983483,23.785714285714285
28,17,67.98973396845369,6.9411764705882355
29,13,77.64922963978793,15.846153846153847
30,16,68.62785218253968,13.4375
31,17,72.15578938471941,10.176470588235293
32,16,62.124983465608466,7.4375
33,15,66.03065281459376,13.8
34,11,77.38164887221326,20.636363636363637
35,15,73.45035959974985,16.533333333333335
36,23,70.57640126284628,7.565217391304348
37,14,72.03061224489797,3.0
38,13,79.31440559440559,8.23076923076923
39,11,58.74242424242424,2.272727272727273
40,11,59.420875420875426,3.8181818181818183
41,9,65.03926875593542,8.777777777777779
42,10,78.0,3.0
43,9,74.17027417027417,5.0
44,13,72.8882783882784,2.3846153846153846
45,11,70.4090909090909,2.909090909090909
46,21,69.15873015873015,1.9523809523809523
47,10,52.55,1.5
48,11,67.80303030303031,1.4545454545454546
49,13,66.53846153846153,1.6153846153846154
50,10,78.4,1.2
