song,artist,days_on_chart,average_rank,rank_volatility,average_popularity,popularity_trend_score
"""Slut!"" (Taylor's Version) (From The Vault)",Taylor Swift,26,15.5,12.130127781684742,86.76923076923077,91
(Don't Fear) The Reaper,Blue Öyster Cult,1,50.0,,77.0,0
(There's No Place Like) Home for the Holidays - 1959 Version,Perry Como,2,45.0,0.0,70.0,0
16 CARRIAGES,Beyoncé,10,26.0,10.63537075569588,64.5,-10
2 hands,Tate McRae,7,33.57142857142857,12.286267983093195,76.57142857142857,9
28,Zach Bryan,100,27.57,12.255079342744775,84.87,16
3001,J. Cole,1,32.0,,68.0,0
360,Charli xcx,43,34.04651162790697,9.596510993888035,87.69767441860465,3
3D (feat. Jack Harlow),Jung Kook & Jack Harlow,12,26.333333333333332,18.430870020076906,66.25,84
500lbs,Lil Tecca,185,24.864864864864863,10.02215524573845,83.36756756756756,54
505,Arctic Monkeys,17,43.76470588235294,3.7504901640436588,80.17647058823529,-4
57,KAROL G & Feid & DFZM,1,47.0,,69.0,0
7 Minute Drill,J. Cole,7,16.571428571428573,11.674147261608203,78.85714285714286,8
7969 Santa,Drake,7,15.0,4.864839839775475,67.14285714285714,82
8am in Charlotte,Drake,7,14.714285714285714,1.7043362064926935,66.57142857142857,82
A Bar Song (Tipsy),Shaboozey,226,10.765486725663717,8.68218374897318,85.39380530973452,18
A Holly Jolly Christmas,Burl Ives,37,13.64864864864865,9.589392913863552,87.72972972972973,11
A Night To Remember,beabadoobee & Laufey,1,32.0,,0.0,0
ACHO PR,Bad Bunny,2,28.0,0.0,39.0,78
ADIVINO,Myke Towers & Bad Bunny,3,40.666666666666664,4.041451884327381,85.0,12
ALL RED,Playboi Carti,20,18.3,10.54863423437017,89.25,9
ALLIIGATOR TEARS,Beyoncé,4,34.5,12.069244660154448,50.0,6
AMERICA HAS A PROBLEM (feat. Kendrick Lamar),Beyoncé,6,37.833333333333336,11.651895410904899,81.83333333333333,5
AMERICA HAS A PROBLEM (feat. Kendrick Lamar),Beyoncé & Kendrick Lamar,4,22.25,12.76388133236386,72.0,12
AMERIICAN REQUIEM,Beyoncé,6,25.5,15.55313473226539,55.5,8
AMG,Natanael Cano & Peso Pluma & Gabito Ballesteros,34,33.05882352941177,8.492210964102547,94.23529411764706,-1
ANTHEM PART 3,blink-182,1,40.0,,0.0,0
APT.,ROSÉ & Bruno Mars,39,9.051282051282051,5.296218700508574,94.71794871794872,22
ATTITUDE (FEAT. CHARLIE WILSON & CASH COBAIN),Don Toliver,1,39.0,,63.0,0
Abracadabra (feat. Travis Scott),Young Thug,1,49.0,,69.0,0
Agora Hills,Doja Cat,174,22.339080459770116,12.576469967261064,81.61494252873563,47
Ain't No Love,Future & Metro Boomin,1,27.0,,0.0,0
Ain't No Love In Oklahoma (From Twisters: The Album),Luke Combs,121,31.214876033057852,9.54917676344428,83.65289256198348,20
Ain't No Mountain High Enough,Marvin Gaye & Tammi Terrell,1,50.0,,87.0,0
Ain't No Sunshine,Bill Withers,1,49.0,,86.0,0
All Alone,Lil Uzi Vert,1,22.0,,72.0,0
All I Want for Christmas Is You,Mariah Carey,75,17.266666666666666,15.160700737328957,91.0,8
All My Life (feat. J. Cole),Lil Durk,86,22.651162790697676,15.24834991409232,82.5,8
All My Life (feat. J. Cole),Lil Durk & J. Cole,10,4.5,1.0801234497346432,87.2,5
All Summer Long,Kid Rock,2,28.0,0.0,78.5,1
All The Parties (feat. Chief Keef),Drake,7,26.428571428571427,7.828519290754432,65.14285714285714,80
All The Stars (with SZA),Kendrick Lamar & SZA,1,46.0,,87.0,0
"All The Way Live (Spider-Man: Across the Spider-Verse) (Metro Boomin & Future, Lil Uzi Vert)",Metro Boomin,6,43.0,8.07465169527454,77.16666666666667,10
All You Had To Do Was Stay (Taylor's Version),Taylor Swift,9,27.0,13.304134695650069,75.22222222222223,86
"Am I Dreaming (Metro Boomin & A$AP Rocky, Roisee)",Metro Boomin,28,24.071428571428573,10.687232158839405,87.71428571428571,20
Amen (feat. Teezo Touchdown),Drake,7,17.714285714285715,8.440266301373152,67.14285714285714,82
American Girl,Tom Petty and the Heartbreakers,4,22.5,16.502525059315417,75.0,-4
American Kids,Kenny Chesney,3,43.666666666666664,0.5773502691896247,78.0,-3
American Nights,Zach Bryan,8,25.25,11.448643088655903,73.625,12
American Pie,Don McLean,3,24.666666666666668,16.74315780649915,80.0,-6
Amped,Lil Uzi Vert,2,23.5,19.091883092036785,75.5,3
"Annihilate (Spider-Man: Across the Spider-Verse) (Metro Boomin & Swae Lee, Lil Wayne, Offset)",Metro Boomin,28,18.357142857142858,13.34503454809867,88.10714285714286,19
Another Late Night (feat. Lil Yachty),Drake,7,25.428571428571427,5.968169536721256,65.14285714285714,80
Anti-Hero,Taylor Swift,120,32.208333333333336,10.487203753958,93.90833333333333,-2
Antichrist,Eminem,4,39.5,14.364307617610164,76.0,7
Apple,Charli xcx,47,31.70212765957447,8.799493299683503,87.68085106382979,8
Aquí Te Espero,Ivan Cornejo,1,37.0,,0.0,0
Are You Gone Already,Nicki Minaj,1,18.0,,72.0,0
Area Codes,Kali,43,18.046511627906977,3.6446535426965005,88.02325581395348,8
Area Codes,Kaliii,10,40.0,9.921917377424812,91.0,0
As Good As I Once Was,Toby Keith,2,32.0,22.627416997969522,76.0,2
As It Was,Harry Styles,92,33.71739130434783,6.787716907195761,92.78260869565217,1
Attention,Doja Cat,14,18.785714285714285,12.128660091056869,83.78571428571429,14
Austin,Dasha,64,32.234375,8.625805115401628,84.796875,16
Austin (Boots Stop Workin'),Dasha,134,31.970149253731343,7.524336753932427,90.24626865671642,-4
Away From Home,Drake,6,30.5,6.024948132556827,61.666666666666664,78
Aye (feat. Travis Scott),Lil Uzi Vert,3,10.666666666666666,7.023769168568493,79.33333333333333,4
BABY NUEVA,Bad Bunny,6,26.333333333333332,12.612163441165306,68.83333333333333,87
BACK TO ME,Kanye West & Ty Dolla $ign,4,13.75,16.276260831857748,80.25,15
BACK TO ME,¥$ & Kanye West & Ty Dolla $ign,7,33.714285714285715,16.47942440048889,60.285714285714285,82
BAND4BAND (feat. Lil Baby),Central Cee & Lil Baby,34,24.91176470588235,12.42521299630574,86.61764705882354,11
BANDIT,Don Toliver,6,40.0,6.542170893518451,54.666666666666664,71
BATICANO,Bad Bunny,2,27.0,0.0,39.0,78
BBL Love - Interlude,Drake,5,38.8,12.296340919151518,57.8,76
BEG FORGIVENESS,Kanye West & Ty Dolla $ign,3,26.0,5.0,79.66666666666667,5
BEG FORGIVENESS,¥$ & Kanye West & Ty Dolla $ign,1,39.0,,0.0,0
BELLAKEO,Peso Pluma & Anitta,27,42.407407407407405,6.558958989042621,92.77777777777777,8
BEST INTEREST,"Tyler, The Creator",3,44.333333333333336,0.5773502691896263,82.33333333333333,1
BIRDS OF A FEATHER,Billie Eilish,191,5.2565445026178015,3.1224394304282823,97.15706806282722,38
BITTERSUITE,Billie Eilish,10,31.6,12.482877161224579,81.8,30
BLACKBIIRD,Beyoncé,5,22.2,11.819475453673908,54.6,9
BLUE,Billie Eilish,21,29.428571428571427,9.20636425833471,86.85714285714286,32
BODYGUARD,Beyoncé,10,23.2,12.227473619317733,81.3,10
BROTHER STONE (FEAT. KODAK BLACK),Don Toliver,1,46.0,,0.0,0
BURN,Kanye West & Ty Dolla $ign,3,6.0,0.0,83.0,6
BURN,¥$ & Kanye West & Ty Dolla $ign,22,24.227272727272727,8.5129135417727,79.45454545454545,89
BYE,Peso Pluma,9,38.111111111111114,9.360080721399314,69.66666666666667,5
Baby Please,Ivan Cornejo,1,46.0,,66.0,0
"Baby, It's Cold Outside",Dean Martin,3,39.333333333333336,4.041451884327381,83.0,0
Back To December (Taylor's Version),Taylor Swift,11,20.818181818181817,19.077831018321668,81.45454545454545,91
Bad Blood (Taylor's Version),Taylor Swift,4,29.75,11.7011395456454,62.0,84
Bad Blood (feat. Kendrick Lamar) (Taylor's Version),Taylor Swift,3,31.0,4.0,75.33333333333333,4
Bad Habit,Steve Lacy,34,44.11764705882353,3.4532786869639636,85.0,0
Bad One,Eminem,1,35.0,,69.0,0
Bahamas Promises,Drake,7,20.142857142857142,6.283008075451637,66.0,81
Balloon (feat. Doechii),"Tyler, The Creator",13,29.307692307692307,11.250071224845758,80.0,10
Bandit,Don Toliver,49,36.87755102040816,9.826903236059891,85.79591836734694,10
Barbie Dangerous,Nicki Minaj,1,19.0,,71.0,0
Barbie World (with Aqua) [From Barbie The Album],Nicki Minaj & Ice Spice & Aqua,104,18.75,13.995665070896028,92.00961538461539,17
Beautiful Things,Benson Boone,306,14.738562091503267,8.929796312790975,90.80065359477125,11
Bed Chem,Sabrina Carpenter,96,16.260416666666668,10.625931331731193,89.86458333333333,40
Beep Beep,Nicki Minaj,1,43.0,,70.0,0
Beer For My Horses,Toby Keith,1,18.0,,74.0,0
Belong Together,Mark Ambor,3,48.0,1.0,93.0,0
Better Days (feat. John Mayer),Zach Bryan,7,29.714285714285715,7.134757312253998,71.0,13
Better Than Revenge (Taylor's Version),Taylor Swift,7,17.857142857142858,12.562226069034255,74.71428571428571,89
Big Dawgs,Hanumankind & Kalmi,59,28.16949152542373,10.648219119958561,89.77966101694915,17
Big Difference,Nicki Minaj,1,49.0,,69.0,0
Big Foot,Nicki Minaj,2,16.5,9.192388155425117,73.5,3
Blank Space,Taylor Swift,21,37.142857142857146,10.160146230668701,82.95238095238095,0
Blank Space (Taylor's Version),Taylor Swift,11,22.272727272727273,12.353873150481261,79.27272727272727,89
Blinding Lights,The Weeknd,1,46.0,,92.0,0
Bloody Mary,Lady Gaga,1,32.0,,73.0,0
Blue Christmas,Elvis Presley,30,33.06666666666667,10.705890525968542,86.13333333333334,10
Bongos (feat. Megan Thee Stallion),Cardi B & Megan Thee Stallion,9,36.666666666666664,7.1063352017759485,78.66666666666667,10
Boons,Zach Bryan,1,37.0,,64.0,0
Born in the U.S.A.,Bruce Springsteen,4,17.75,17.55704986607944,77.75,-3
Boy's a Liar Pt. 2,PinkPantheress & Ice Spice,100,24.87,10.609367882616137,94.21,-5
Boys Of Faith (feat. Bon Iver),Zach Bryan & Bon Iver,8,25.75,14.839618786016228,55.5,68
Brand New Dance,Eminem,6,27.5,13.794926603646719,78.66666666666667,7
Breaking News - skit,Eminem,1,31.0,,69.0,0
Breathe,Yeat,37,23.405405405405407,7.270409813680305,83.86486486486487,16
Brown Eyed Girl,Van Morrison,3,40.0,9.539392014169456,85.0,0
But Daddy I Love Him,Taylor Swift,33,21.181818181818183,12.763361982287783,83.66666666666667,3
Bye,Peso Pluma,24,29.458333333333332,5.283108165091641,87.70833333333333,10
Bye Bye Bye - From Deadpool and Wolverine Soundtrack,*NSYNC,16,36.3125,5.918544303007851,85.25,10
CARNIVAL,Kanye West & Ty Dolla $ign,4,6.0,10.0,82.0,18
CARNIVAL,¥$ & Kanye West & Ty Dolla $ign,102,16.980392156862745,17.94269226691704,92.57843137254902,91
CHIHIRO,Billie Eilish,56,21.767857142857142,14.13698061041398,91.48214285714286,31
CIRCUS MAXIMUS,Travis Scott,3,17.666666666666668,5.507570547286101,54.333333333333336,83
CIRCUS MAXIMUS (feat. The Weeknd & Swae Lee),Travis Scott,5,28.6,4.929503017546495,86.2,2
CS,Lil Uzi Vert,1,27.0,,20.0,0
CYBERTRUCK,Bad Bunny,5,19.8,11.713240371477058,65.8,86
California Sober (Feat. Chris Stapleton),Post Malone,6,34.333333333333336,11.500724614852174,66.83333333333333,35
Call Your Friends,Rod Wave,1,33.0,,0.0,0
Call Your Mom,Noah Kahan,1,35.0,,66.0,0
"Calling (Spider-Man: Across the Spider-Verse) (Metro Boomin & Swae Lee, NAV, feat. A Boogie Wit da Hoodie)",Metro Boomin,31,16.225806451612904,10.138078967994396,89.48387096774194,22
Calling For You (feat. 21 Savage),Drake,7,8.142857142857142,4.740906081772817,68.57142857142857,84
Calm Down (with Selena Gomez),Rema,52,42.55769230769231,3.7069804928077668,81.40384615384616,2
Can’t Catch Me Now - from The Hunger Games: The Ballad of Songbirds & Snakes,Olivia Rodrigo,8,31.625,11.057479692174756,69.25,83
Can’t Catch Me Now - from The Hunger Games: The Ballad of Songbirds & Snakes,Olivia Rodrigo & Rachel Zegler & Flatland Cavalry,35,36.51428571428571,10.533898860824703,78.77142857142857,52
Cars Bring Me Out (feat. Future),Young Thug,1,17.0,,71.0,0
Cassandra,Taylor Swift,7,39.57142857142857,7.207800007795784,81.85714285714286,9
Castles Crumbling (feat. Hayley Williams) (Taylor’s Version) (From The Vault),Taylor Swift,7,15.571428571428571,9.089502055616007,73.57142857142857,87
Casual,Chappell Roan,81,41.75308641975309,5.8170672683869045,85.9753086419753,0
"Changes In Latitudes, Changes In Attitudes",Jimmy Buffett,1,50.0,,58.0,0
Cheeseburger In Paradise,Jimmy Buffett,2,38.0,11.313708498984761,63.0,6
Chemical,Post Malone,26,38.96153846153846,8.258235982245935,90.0,-1
Chicken Fried,Zac Brown Band,4,24.5,17.69180601295413,82.25,-5
Chill Bae,Lil Uzi Vert,1,40.0,,65.0,0
Chloe or Sam or Sophia or Marcus,Taylor Swift,8,34.625,7.229651246281327,83.375,8
Christmas (Baby Please Come Home),Darlene Love,31,34.45161290322581,9.26944338378315,81.64516129032258,11
Christmas (Baby Please Come Home),Mariah Carey,1,47.0,,88.0,0
Christmas Time Is Here,Vince Guaraldi Trio,12,39.75,9.245391972613854,82.91666666666667,1
Christmas Tree Farm,Taylor Swift,2,41.5,2.1213203435596424,87.0,0
Cinderella,Future & Metro Boomin,27,20.666666666666668,8.651367166301165,84.48148148148148,90
Clara Bow,Taylor Swift,13,29.46153846153846,10.40525015409196,78.61538461538461,3
Claustrophobic,Future & Metro Boomin,4,30.5,11.561430130683084,59.0,80
Clean (Taylor's Version),Taylor Swift,8,28.625,12.094124901904113,73.125,86
Close To You,Gracie Abrams,21,35.76190476190476,7.725961182304516,70.95238095238095,9
Clouded,Brent Faiyaz,18,43.388888888888886,4.729617431225451,85.55555555555556,2
Cobra,Megan Thee Stallion,3,45.0,0.0,46.0,71
Coincidence,Sabrina Carpenter,24,27.041666666666668,12.369243647280825,82.5,37
Come Monday,Jimmy Buffett,1,44.0,,59.0,0
Cool With You,NewJeans,4,34.0,11.313708498984761,81.25,9
Corazón de Piedra,Xavi,8,45.5,2.449489742783178,88.25,3
"Courtesy Of The Red, White And Blue (The Angry American)",Toby Keith,7,19.857142857142858,8.802056036869482,74.42857142857143,1
Cowgirls (feat. ERNEST),Morgan Wallen,184,31.39673913043478,8.749719134751677,84.80978260869566,-1
Creepin' (with The Weeknd & 21 Savage),Metro Boomin,55,36.70909090909091,6.468363830191575,95.92727272727272,0
Crocodile Tearz,J. Cole,6,22.5,13.780420893427022,77.33333333333333,8
Cruel Summer,Taylor Swift,387,16.925064599483203,13.642058829298229,97.00258397932816,1
Cruel Summer - Live from TS | The Eras Tour,Taylor Swift,2,28.0,25.45584412271571,0.0,0
Crush Em,Lil Uzi Vert,3,25.666666666666668,20.13289182738867,77.0,4
Cry,Benson Boone,2,47.0,1.4142135623730951,74.0,12
Cupid - Twin Ver.,FIFTY FIFTY,71,25.746478873239436,11.819739312884495,98.19718309859155,0
DAUGHTER,Beyoncé,6,28.0,12.505998560690786,53.5,8
DELRESTO (ECHOES),Travis Scott,3,12.0,4.58257569495584,55.666666666666664,85
DELRESTO (ECHOES) (feat. Beyoncé),Travis Scott,5,18.4,2.4083189157584592,87.4,2
DESERT EAGLE,Beyoncé,2,35.5,6.363961030678928,46.5,3
DEVIL IS A LIE,Tommy Richman,46,27.0,10.130262692656206,83.95652173913044,20
DJ Got Us Fallin' In Love (feat. Pitbull),USHER,2,38.0,1.4142135623730951,85.0,0
DO IT,Kanye West & Ty Dolla $ign,3,14.0,3.0,81.33333333333333,6
DO IT,¥$ & Kanye West & Ty Dolla $ign,2,25.5,4.949747468305833,14.0,28
DOS DÍAS,Tito Double P,9,48.0,1.732050807568877,88.0,0
Dance The Night (From Barbie The Album),Dua Lipa,48,18.125,10.2596607301544,94.79166666666667,22
Dance The Night - From Barbie The Album,Dua Lipa,43,28.372093023255815,8.775027488259626,95.53488372093024,-6
Dancing In The Flames,The Weeknd,7,23.857142857142858,8.173709305420875,82.0,8
Danger (Spider) (Offset & JID),Metro Boomin,1,49.0,,70.0,0
Dark Red,Steve Lacy,27,45.851851851851855,3.48296628336453,89.62962962962963,2
"Darling, I (feat. Teezo Touchdown)","Tyler, The Creator",26,14.923076923076923,11.099272325420534,85.88461538461539,10
Dawns (feat. Maggie Rogers),Zach Bryan & Maggie Rogers,4,49.5,0.5773502691896247,84.0,0
Daylight,David Kushner,55,37.2,9.101078487170058,97.4,0
Daylight,Drake,7,9.428571428571429,3.7352886036263584,68.0,83
Days Come and Go,Lil Uzi Vert,1,40.0,,69.0,0
Dead or Alive,Lil Tecca,1,47.0,,30.0,0
Dear John (Taylor's Version),Taylor Swift,7,19.857142857142858,13.993195625357485,74.57142857142857,88
Deck The Hall,Nat King Cole,12,30.416666666666668,7.166314297186564,87.91666666666667,1
Deck The Halls,Nat King Cole,15,41.2,6.212889826803628,83.93333333333334,8
Deep Satin,Zach Bryan,4,32.75,9.429563439877091,54.0,75
Deeper Well,Kacey Musgraves,2,38.0,14.142135623730951,65.0,-10
Defying Gravity,Wicked Movie Cast & Cynthia Erivo & Ariana Grande,3,34.666666666666664,12.055427546683415,74.0,6
Deli,Ice Spice,33,40.81818181818182,7.739729264703584,82.42424242424242,18
Demons,Doja Cat,8,37.375,8.210402808980463,68.625,-50
Devil I've Been (Feat. ERNEST),Post Malone,3,38.666666666666664,5.773502691896258,57.0,32
Dial Drunk,Noah Kahan,24,24.125,13.879332461081024,82.70833333333333,9
Dial Drunk (with Post Malone),Noah Kahan & Post Malone,35,32.8,13.564226306506306,84.65714285714286,15
Did It First (with Central Cee),Ice Spice & Central Cee,17,38.64705882352941,6.382996714617947,83.88235294117646,8
Die For You,The Weeknd,35,43.97142857142857,4.7433279102193175,91.02857142857142,-2
Die With A Smile,Lady Gaga & Bruno Mars,103,3.466019417475728,3.6348410272991187,96.80582524271844,100
Died and Came Back,Lil Uzi Vert,1,14.0,,73.0,0
Diet Pepsi,Addison Rae,29,38.86206896551724,6.127946159842709,87.37931034482759,2
Disco,Surf Curse,6,41.333333333333336,5.240865068542279,82.33333333333333,4
Disease,Lady Gaga,3,28.666666666666668,13.576941236277534,75.0,3
Disturbia,Rihanna,1,44.0,,79.0,0
Do They Know It's Christmas? - 1984 Version,Band Aid,4,41.5,3.785938897200183,89.0,0
Do You Hear What I Hear? - Remastered 2006,Bing Crosby,2,48.0,0.0,83.0,0
Doctor (Work It Out) [feat. Miley Cyrus],Pharrell Williams & Miley Cyrus,1,45.0,,73.0,0
Don't Understand,Post Malone,1,32.0,,48.0,0
Don’t Blame Me,Taylor Swift,6,46.833333333333336,2.4832774042918886,91.33333333333333,1
Don’t Smile,Sabrina Carpenter,15,30.8,11.626324809303608,78.33333333333333,36
Doomsday (with Juice WRLD & Cordae),Lyrical Lemonade & Juice WRLD & Cordae,7,39.285714285714285,6.524678426668135,76.85714285714286,11
Down Bad,Taylor Swift,49,19.79591836734694,14.209708523630265,87.0,5
Dreams - 2004 Remaster,Fleetwood Mac,12,44.0,3.5161962919661303,88.66666666666667,2
Drew A Picasso,Drake,7,28.428571428571427,8.323804075404123,65.14285714285714,80
Drugs You Should Try It,Travis Scott,1,30.0,,0.0,0
Dumb & Poetic,Sabrina Carpenter,14,30.285714285714285,12.079407597729613,78.14285714285714,35
ETA,NewJeans,3,32.666666666666664,4.618802153517007,79.33333333333333,6
East Side of Sorrow,Zach Bryan,22,23.636363636363637,13.89945341352692,80.68181818181819,42
El Azul,Junior H & Peso Pluma,70,30.84285714285714,5.867216001008015,94.92857142857143,-1
El Dorado,Zach Bryan,8,27.625,9.62047667366703,72.125,40
El Gordo Trae El Mando,Chino Pacas,32,43.0625,6.405327923412788,91.6875,0
Electric Touch (feat. Fall Out Boy) (Taylor’s Version) (From The Vault),Taylor Swift,7,22.285714285714285,11.190982764623277,73.42857142857143,87
Ella Baila Sola,Eslabon Armado,170,18.96470588235294,15.256347643001167,89.67647058823529,-4
Empire Now,Hozier,1,26.0,,38.0,0
Enchanted,Taylor Swift,1,35.0,,83.0,0
Enchanted (Taylor's Version),Taylor Swift,11,21.363636363636363,17.001604202384712,81.18181818181819,91
End of Beginning,Djo,147,25.517006802721088,16.22713512198246,94.7687074829932,12
Endless Fashion (feat. Nicki Minaj),Lil Uzi Vert,7,15.142857142857142,7.358183005529092,80.71428571428571,9
Enough (Miami),Cardi B,5,33.0,4.898979485566356,69.0,12
Enough Is Enough,Post Malone,8,34.75,3.8078865529319543,75.5,37
Espresso,Sabrina Carpenter,226,7.946902654867257,6.22516856776975,94.23893805309734,13
Evergreen,Richy Mitch & The Coal Miners,54,42.98148148148148,5.594777688741801,88.92592592592592,-2
Everybody (feat. Lil Uzi Vert),Nicki Minaj,30,35.3,8.554692199061849,83.1,18
Everyday Hustle,Future & Metro Boomin,3,38.333333333333336,12.423096769056148,50.333333333333336,77
Evil,Eminem,4,29.0,9.626352718795768,77.0,7
Evil Ways (feat. J. Cole),Drake,4,27.0,18.7794213613377,54.25,75
FE!N,Travis Scott,3,2.3333333333333335,0.5773502691896258,57.0,87
FE!N (feat. Playboi Carti),Travis Scott,231,31.6017316017316,13.361749317159251,91.85281385281385,0
FIELD TRIP,¥$ & Kanye West & Ty Dolla $ign,8,23.5,9.665845613735584,58.0,0
FINA,Bad Bunny,15,16.933333333333334,9.176574731866122,83.6,93
FLAMENCO,Beyoncé,2,31.0,5.656854249492381,47.0,4
FRIED,¥$ & Kanye West & Ty Dolla $ign,3,45.0,0.0,47.333333333333336,73
FTCU,Nicki Minaj,54,18.796296296296298,10.427430497417694,87.22222222222223,19
FUK SUMN,Kanye West & Ty Dolla $ign,4,15.0,23.366642891095843,80.0,16
FUK SUMN,¥$ & Kanye West & Ty Dolla $ign,12,31.916666666666668,12.258268699745145,71.25,88
Fallin 4 U,Nicki Minaj,1,48.0,,69.0,0
Family Matters,Drake,15,18.066666666666666,13.019033685156442,85.46666666666667,15
Fare Well,Hozier,1,35.0,,37.0,0
Fast Car,Luke Combs,183,20.666666666666668,12.918311959493158,90.24043715846994,-3
Father Stretch My Hands Pt. 1,Kanye West,38,38.5,9.125994947608936,90.26315789473684,2
Favorite Song,Toosii,2,50.0,0.0,86.0,0
Favorite Song (feat. Future) [Toxic Version],Toosii & Future,4,41.5,5.972157622389639,56.5,9
Fear Of Heights,Drake,7,11.571428571428571,4.859943170351646,68.0,83
Fear and Friday's,Zach Bryan,15,23.8,12.013088100662783,77.93333333333334,41
Fear and Friday's (Poem),Zach Bryan,6,31.0,13.870832707519762,70.83333333333333,35
Feather,Sabrina Carpenter,120,34.68333333333333,8.029340453813704,90.53333333333333,2
Feel It - From The Original Series “Invincible”,d4vd,4,36.5,6.60807586719967,84.5,1
Feliz Navidad,José Feliciano,34,20.38235294117647,9.085501957022064,84.82352941176471,10
Femininomenon,Chappell Roan,12,43.166666666666664,2.5166114784235845,84.41666666666667,1
Fever,J. Cole,1,19.0,,69.0,0
Finer Things (Feat. Hank Williams Jr.),Post Malone,5,25.6,8.502940667792526,65.2,33
Fire Alarm,Lil Uzi Vert,1,28.0,,70.0,0
Firework,Katy Perry,3,20.0,3.4641016151377544,73.66666666666667,-4
First Person Shooter (feat. J. Cole),Drake,137,26.94890510948905,14.116282405061856,89.33576642335767,88
Five Nights at Freddy's,The Living Tombstone,1,43.0,,71.0,0
Flooded The Face,Lil Uzi Vert,27,27.40740740740741,14.468159362117742,86.66666666666667,9
Florida!!! (feat. Florence + The Machine),Taylor Swift,28,20.357142857142858,9.851543536568778,84.17857142857143,4
Flowers,Miley Cyrus,76,29.157894736842106,9.758487084350657,91.13157894736842,4
Foolish One (Taylor’s Version) (From The Vault),Taylor Swift,7,19.0,8.34665601703261,72.85714285714286,87
Forever,Noah Kahan,7,19.857142857142858,10.399175791516226,79.42857142857143,9
Fortnight (feat. Post Malone),Taylor Swift,103,18.95145631067961,13.098704202322276,92.30097087378641,5
Fortunate Son,Creedence Clearwater Revival,4,37.25,8.845903006477068,86.5,-3
Fresh Out The Slammer,Taylor Swift,18,26.5,11.84830591017874,80.83333333333333,2
Fried (She a Vibe),Future & Metro Boomin,4,36.5,11.0,58.0,79
From The Start,Laufey,24,44.833333333333336,5.961227380670692,82.125,-17
Fuel,Eminem,8,24.125,11.10260587172476,79.125,11
GIRLS,The Kid LAROI,2,38.5,3.5355339059327378,78.0,2
GOD'S COUNTRY,Travis Scott,8,20.875,5.514591035218685,75.375,88
GOOD (DON'T DIE),Kanye West & Ty Dolla $ign,3,36.333333333333336,7.023769168568491,78.66666666666667,5
GRACIAS POR NADA,Bad Bunny,3,24.0,20.784609690826528,53.333333333333336,80
GTA,Future & Metro Boomin,1,28.0,,0.0,0
Gata Only,FloyyMenor & Cris Mj,113,31.02654867256637,8.941736185870116,96.22123893805309,2
Gata Only (Mashup),Dj Agus Lima,2,26.0,0.0,24.0,48
Gently (feat. Bad Bunny),Drake,15,23.133333333333333,13.87632447560884,77.33333333333333,87
Get It Sexyy,Sexyy Red,56,36.42857142857143,7.1219434090757785,79.41071428571429,-9
Ghostbusters,Ray Parker Jr.,5,26.6,19.007893097342482,72.6,1
Ghostbusters,Various Artists,1,13.0,,78.0,0
Goes Without Saying (Feat. Brad Paisley),Post Malone,5,39.2,11.009087155618307,63.8,33
Good Graces,Sabrina Carpenter,67,24.19402985074627,12.30574983366688,87.29850746268657,35
"Good Luck, Babe!",Chappell Roan,232,9.974137931034482,8.571533685975364,92.625,27
Gucci Grocery Bag,Young Thug,1,36.0,,69.0,0
Guess featuring Billie Eilish,Charli xcx & Billie Eilish,66,25.454545454545453,9.916857160615752,90.81818181818181,11
Guess featuring billie eilish,Charli xcx,11,39.09090909090909,9.202766382502007,71.18181818181819,18
Guess featuring billie eilish,Charli xcx & Billie Eilish,3,41.0,1.0,90.0,0
Guilty Conscience 2,Eminem,1,21.0,,71.0,0
Guilty as Sin?,Taylor Swift,39,24.564102564102566,12.516925113820617,82.87179487179488,4
Guy For That (Feat. Luke Combs),Post Malone,11,22.90909090909091,14.679608615045195,70.18181818181819,42
Guy For That (Feat. Luke Combs),Post Malone & Luke Combs,20,23.05,9.190813491284597,80.5,38
H.Y.B. (feat. Bas & Central Cee),J. Cole,4,32.0,15.769168230019828,74.5,6
HARLEY QUINN,Fuerza Regida,58,33.05172413793103,9.74305405087925,93.13793103448276,7
HIBIKI,Bad Bunny,7,20.857142857142858,13.458932243787292,73.71428571428571,90
HISS,Megan Thee Stallion,17,11.352941176470589,13.29445926161811,84.41176470588235,19
HOODRAT,Kanye West & Ty Dolla $ign,3,27.0,8.54400374531753,80.0,5
HOT TO GO!,Chappell Roan,172,16.686046511627907,9.959874618045184,88.80813953488372,6
HUMBLE.,Kendrick Lamar,2,36.5,7.7781745930520225,86.0,0
HVN ON EARTH (with Kodak Black),Lil Tecca,1,41.0,,31.0,0
HYAENA,Travis Scott,9,12.444444444444445,7.316268022549322,78.77777777777777,90
Habits,Eminem,6,20.0,11.64474130240771,79.66666666666667,7
Happy Holiday / The Holiday Season,Andy Williams,4,42.25,5.678908345800273,72.0,0
Happy Xmas (War Is Over) - Remastered 2010,John Lennon,6,38.333333333333336,7.3393914370788735,92.0,0
Haunted (Taylor's Version),Taylor Swift,5,23.8,10.2810505299799,67.6,86
Have The Heart (Feat. Dolly Parton),Post Malone,3,29.0,6.928203230275509,59.0,30
Have Yourself A Merry Little Christmas - Remastered 1999,Frank Sinatra,3,43.333333333333336,2.3094010767585034,84.0,0
Head Honcho,Eminem,1,29.0,,69.0,0
Heading South,Zach Bryan,212,40.60849056603774,6.041132594047903,84.80660377358491,-2
Heartless,Kanye West,55,43.38181818181818,3.856168262671337,90.23636363636363,3
Heather,Conan Gray,2,45.0,4.242640687119285,88.5,1
Heavy Is the Crown,Linkin Park,2,44.5,0.7071067811865476,80.5,5
Hellcat Kenny (feat. Lil Uzi Vert),Young Thug,1,31.0,,69.0,0
Here Comes Santa Claus (Right Down Santa Claus Lane),Elvis Presley,3,49.333333333333336,0.5773502691896263,85.0,0
Here Comes Santa Claus (Right Down Santa Claus Lane) - 1947 Version,Gene Autry,4,36.25,2.4999999999999996,86.0,0
Hey Daddy (Daddy's Home),USHER,1,40.0,,85.0,0
Hey Driver (feat. The War and Treaty),Zach Bryan,55,22.472727272727273,14.594334955543976,84.56363636363636,41
Hey Jane,"Tyler, The Creator",10,24.1,12.60026454748735,81.4,8
Hide My Gun (Feat. HARDY),Post Malone,3,38.333333333333336,2.886751345948128,55.666666666666664,33
High Road,Zach Bryan,7,34.857142857142854,12.266873704256946,69.85714285714286,10
High Road (feat. Jessie Murph),Koe Wetzel,3,47.666666666666664,2.0816659994661326,60.0,6
High Road (feat. Jessie Murph),Koe Wetzel & Jessie Murph,26,31.807692307692307,8.537068493431361,75.46153846153847,18
Hits Different,Taylor Swift,12,21.25,13.605647223253893,83.75,10
Holly Jolly Christmas,Michael Bublé,34,23.91176470588235,7.959624047231254,80.11764705882354,10
Holy Roller (feat. Sierra Ferrell),Zach Bryan,8,23.25,8.79529094783924,72.625,39
Home,Good Neighbours,52,40.17307692307692,5.853509601993789,84.48076923076923,10
Houdini,Dua Lipa,13,29.923076923076923,15.315904252668956,85.6923076923077,33
Houdini,Eminem,62,18.241935483870968,10.884920361420104,85.95161290322581,84
How Did It End?,Taylor Swift,10,35.3,7.972870666621067,84.1,9
How Do You Like Me Now?!,Toby Keith,1,19.0,,72.0,0
How You Get The Girl (Taylor's Version),Taylor Swift,6,33.333333333333336,13.779211394948067,68.83333333333333,84
Huntin’ Wabbitz,J. Cole,4,27.0,14.30617582258329,73.75,6
I Ain't Worried,OneRepublic,3,45.666666666666664,2.309401076758502,95.0,0
I Can Do It With a Broken Heart,Taylor Swift,96,22.28125,13.13308648133849,87.51041666666667,8
I Can Fix Him (No Really I Can),Taylor Swift,15,28.466666666666665,12.07042824821216,79.8,2
I Can See You (Taylor’s Version) (From The Vault),Taylor Swift,36,25.916666666666668,17.96723207874347,89.30555555555556,91
I Gotta,Lil Uzi Vert,3,16.333333333333332,8.082903768654761,76.33333333333333,4
I Had Some Help (Feat. Morgan Wallen),Post Malone,103,13.16504854368932,7.636467060381197,83.42718446601941,46
I Had Some Help (Feat. Morgan Wallen),Post Malone & Morgan Wallen,95,3.905263157894737,1.1856740986919934,93.91578947368421,12
I Hate It Here,Taylor Swift,9,35.333333333333336,7.729812416870153,83.44444444444444,9
I Hope You Find Your Way Home,"Tyler, The Creator",4,24.25,12.553220038433698,76.0,6
I KNOW ?,Travis Scott,220,22.931818181818183,11.111304308545902,91.35,90
I Killed You,"Tyler, The Creator",10,27.9,13.453211099543815,80.7,7
I Know Places (Taylor's Version),Taylor Swift,6,30.833333333333332,11.391517311871437,68.33333333333333,84
I LUV IT (feat. Playboi Carti),Camila Cabello & Playboi Carti,5,41.2,6.942621983083914,80.8,9
I Look in People's Windows,Taylor Swift,8,37.25,6.4309519401985,82.5,8
I Love This Bar,Toby Keith,1,44.0,,70.0,0
"I Love You, I'm Sorry",Gracie Abrams,104,25.423076923076923,11.036296962061233,88.8173076923077,6
I Remember Everything (feat. Kacey Musgraves),Zach Bryan,445,13.916853932584269,9.896528146741506,90.07640449438202,43
I Saw Mommy Kissing Santa Claus,The Jackson 5,3,43.666666666666664,4.618802153517006,83.0,0
I Want a Hippopotamus for Christmas (Hippo the Hero),Gayla Peevey,3,44.333333333333336,0.5773502691896263,83.0,0
I Wish You Would (Taylor's Version),Taylor Swift,8,31.625,13.814459298658262,73.0,85
I might say something stupid featuring the 1975 & jon hopkins,Charli xcx,1,47.0,,65.0,0
"I swear, I Really Wanted To Make A ""Rap"" Album But This Is Literally The Way The Wind Blew Me This Time",André 3000,1,31.0,,37.0,0
I'm Shipping Up To Boston,Dropkick Murphys,1,48.0,,74.0,0
IDGAF (feat. Yeat),Drake,149,20.006711409395972,13.439301303174359,91.20805369127517,90
II HANDS II HEAVEN,Beyoncé,2,39.0,4.242640687119285,45.5,3
II MOST WANTED,Beyoncé,14,20.642857142857142,13.95380920067317,67.28571428571429,26
Ice Attack,Future & Metro Boomin,6,21.833333333333332,9.17423929634859,67.33333333333333,82
Igual Que Un Ángel (with Peso Pluma),Kali Uchis,35,18.02857142857143,12.989782668755957,91.77142857142857,21
In Your Love,Tyler Childers,7,43.142857142857146,4.017817460121495,72.42857142857143,16
Innocent (Taylor's Version),Taylor Swift,4,32.0,10.984838035522722,62.0,84
Is It Over Now? (Taylor's Version) (From The Vault),Taylor Swift,89,24.39325842696629,17.8749558025697,91.75280898876404,92
It's Beginning to Look a Lot Like Christmas (with Mitchell Ayres & His Orchestra),Perry Como,34,26.88235294117647,9.101330924591766,86.97058823529412,11
It's Beginning to Look a Lot like Christmas,Michael Bublé,37,15.378378378378379,8.3810346462559,83.24324324324324,12
It's Five O'Clock Somewhere,Alan Jackson,2,24.0,16.97056274847714,66.0,-6
It's Getting Hot,NLE Choppa,2,48.0,0.0,79.5,1
It's Up (feat. Young Thug & 21 Savage),Drake,5,34.0,13.2664991614216,59.8,78
It's ok I'm ok,Tate McRae,26,33.11538461538461,12.277872529316872,84.11538461538461,11
It's the Most Wonderful Time of the Year,Andy Williams,42,12.476190476190476,12.863709769580648,76.64285714285714,12
I’m Just Ken (From Barbie The Album),Ryan Gosling,8,43.125,9.203066259211033,74.5,11
JOLENE,Beyoncé,9,21.444444444444443,16.241236953439778,62.22222222222222,18
JUST FOR FUN,Beyoncé,3,32.666666666666664,10.26320287889377,48.666666666666664,5
Jake's Piano - Long Island,Zach Bryan,8,30.5,9.227288721117223,71.875,40
Jennifer’s Body,Ken Carson,2,47.0,0.0,0.0,0
Jimmy Cooks (feat. 21 Savage),Drake,86,44.24418604651163,3.9285861743998143,89.3953488372093,0
Jingle Bell Rock,Bobby Helms,54,13.74074074074074,14.758668939810006,87.18518518518519,2
Jingle Bells - Remastered 1999,Frank Sinatra,34,29.764705882352942,9.403606089507953,84.79411764705883,11
Joy To The World,Nat King Cole,4,39.25,4.716990566028303,86.0,0
Judge Judy,"Tyler, The Creator",12,25.166666666666668,12.705284035559472,81.25,8
Juno,Sabrina Carpenter,87,32.11494252873563,10.618572241603244,86.42528735632185,39
Just Wanna Rock,Lil Uzi Vert,32,40.0625,8.41633396553124,86.34375,-14
K-POP,Travis Scott & Bad Bunny & The Weeknd,33,18.90909090909091,13.172802559543936,87.18181818181819,10
KEHLANI,Jordan Adetunji,7,44.857142857142854,1.8644544714716094,87.71428571428571,1
KEYS TO MY LIFE,Kanye West & Ty Dolla $ign,4,23.0,9.83192080250175,79.0,13
KEYS TO MY LIFE,¥$ & Kanye West & Ty Dolla $ign,1,47.0,,0.0,0
KING,Kanye West & Ty Dolla $ign,2,41.5,7.7781745930520225,76.5,3
Karma,Taylor Swift,95,37.136842105263156,5.758639256962126,89.86315789473684,1
Karma (feat. Ice Spice),Taylor Swift,6,22.833333333333332,15.561705133649934,80.83333333333333,7
Kill Bill,SZA,247,22.91497975708502,12.162386134444523,92.25910931174089,-8
Knee Deep (feat. Jimmy Buffett),Zac Brown Band,2,46.0,1.4142135623730951,77.5,1
LA DURANGO,Peso Pluma & Junior H & Eslabon Armado,1,42.0,,70.0,0
LA PATRULLA,Peso Pluma,44,41.13636363636363,3.7141521245404467,86.79545454545455,0
LA PEOPLE II,Peso Pluma & Tito Double P & Joel De La P,4,45.25,3.304037933599835,60.5,82
LADY GAGA,Peso Pluma,150,29.066666666666666,10.963433221803681,92.17333333333333,17
LALA,Myke Towers,49,38.02040816326531,5.5508625302678825,98.6938775510204,3
LEVII'S JEANS,Beyoncé,9,24.22222222222222,11.766241729815194,80.0,10
LIL DEMON,Future,3,34.0,19.0,73.0,6
LOOOVE,Travis Scott,3,23.666666666666668,4.509249752822893,53.666666666666664,82
LOOOVE (feat. Kid Cudi),Travis Scott,5,35.8,7.918333157931662,84.6,3
LOS PITS,Bad Bunny,2,19.0,0.0,39.5,79
LOST FOREVER,Travis Scott,3,22.0,5.5677643628300215,53.666666666666664,82
LOST FOREVER (feat. Westside Gunn),Travis Scott,4,34.25,7.182153808805082,84.25,2
LUNA,Peso Pluma,14,25.285714285714285,15.622609707277913,73.57142857142857,8
LUNCH,Billie Eilish,89,19.04494382022472,11.155828187706465,93.23595505617978,30
La Bebe - Remix,Yng Lvcas & Peso Pluma,113,23.831858407079647,13.638117967449103,98.00884955752213,-5
La Diabla,Xavi,103,18.37864077669903,13.143339851351517,96.6504854368932,5
La Víctima,Xavi,73,24.78082191780822,7.390396499930132,94.91780821917808,4
Lace It (with Eminem & benny blanco),Juice WRLD & Eminem & benny blanco,5,38.4,4.669047011971501,78.8,10
Last Christmas - Single Version,Wham!,63,19.666666666666668,16.65203658957802,79.76190476190476,3
Last Kiss (Taylor's Version),Taylor Swift,5,28.4,11.991663771137015,67.2,85
Last Night,Morgan Wallen,491,22.613034623217924,14.569360958238752,85.67413441955193,-8
Last Time I Saw You,Nicki Minaj,3,42.666666666666664,7.76745346515403,76.0,6
Lavender Haze,Taylor Swift,6,41.0,10.119288512538814,88.16666666666667,-1
Let It Snow! Let It Snow! Let It Snow!,Dean Martin,42,15.523809523809524,13.268775184230954,90.4047619047619,0
Let It Snow! Let It Snow! Let It Snow! (with The B. Swanson Quartet),Frank Sinatra,23,35.391304347826086,7.83778221434646,88.34782608695652,11
Let Me Calm Down (feat. J. Cole),Nicki Minaj,1,42.0,,70.0,0
Lie To Girls,Sabrina Carpenter,9,27.77777777777778,6.437735971942655,74.66666666666667,34
Lies Lies Lies,Morgan Wallen,106,27.88679245283019,12.868803736698174,85.26415094339623,14
Light Year (Practice),Lil Uzi Vert,2,29.0,29.698484809834994,69.0,2
Like Crazy,Jimin,2,48.0,0.0,84.0,0
Like Him (feat. Lola Young),"Tyler, The Creator",29,13.758620689655173,5.200653615609931,84.17241379310344,14
Like That,Future & Metro Boomin,169,19.37869822485207,14.701749837869453,90.9585798816568,87
Lil Boo Thang,Paul Russell,1,36.0,,87.0,0
Lithonia,Childish Gambino,7,42.0,7.302967433402214,69.28571428571429,12
Little Saint Nick - 1991 Remix,The Beach Boys,22,31.5,10.675963210698622,82.5909090909091,11
Lonely Road (with Jelly Roll),mgk & Jelly Roll,2,49.0,0.0,52.5,27
Long Live (Taylor's Version),Taylor Swift,5,25.0,6.819090848492928,67.2,85
Lose Control,Teddy Swims,328,23.536585365853657,8.633828810291073,90.90853658536585,6
Losers (Feat. Jelly Roll),Post Malone,6,32.0,10.039920318408907,65.83333333333333,35
Love Somebody,Morgan Wallen,39,21.05128205128205,12.571791142220617,83.53846153846153,15
Love in This Club (feat. Young Jeezy),USHER,1,42.0,,78.0,0
Lover,Taylor Swift,2,40.0,14.142135623730951,92.5,1
Lovers Rock,TV Girl,66,42.984848484848484,4.394025399045756,90.0,-1
Lovin On Me,Jack Harlow,156,10.75,12.522302684256159,94.94871794871794,93
Lucifer,Eminem,4,34.5,11.676186592091328,76.5,6
Lucky Enough (Poem),Zach Bryan,1,31.0,,64.0,0
Lyft Em Up,Lil Uzi Vert,1,49.0,,63.0,0
L’AMOUR DE MA VIE,Billie Eilish,26,30.26923076923077,12.27210721044334,86.3076923076923,27
M-E-X-I-C-O (Feat. Billy Strings),Post Malone,1,49.0,,34.0,0
MATHEMATICAL DISRESPECT,Lil Mabu,14,27.928571428571427,15.112217602956916,86.5,4
MELTDOWN,Travis Scott,3,1.0,0.0,57.0,87
MELTDOWN (feat. Drake),Travis Scott,86,22.0,14.110488381092312,92.5813953488372,2
MERCEDES CAROTA,Bad Bunny,2,17.0,0.0,39.5,79
MI EX TENÍA RAZÓN,KAROL G,15,33.13333333333333,10.070229580775395,76.46666666666667,22
MILLION DOLLAR BABY,Tommy Richman,206,14.946601941747574,12.322577458719524,90.0873786407767,21
MILLION DOLLAR BABY (VHS),Tommy Richman,14,39.857142857142854,5.627639795716288,78.42857142857143,12
MODERN JAM,Travis Scott,3,9.666666666666666,5.033222956847167,56.0,85
MODERN JAM (feat. Teezo Touchdown),Travis Scott,6,20.666666666666668,7.633260552782582,88.16666666666667,2
MOJABI GHOST,Tainy,8,29.75,8.924284685220275,85.75,14
MONACO,Bad Bunny,66,22.333333333333332,15.9675953907939,94.13636363636364,94
MR. OCTOBER,Bad Bunny,7,25.428571428571427,16.102351203650798,72.42857142857143,88
MY EYES,Travis Scott,27,26.14814814814815,12.58418942013443,86.51851851851852,90
MY HOUSE,Beyoncé,2,43.5,4.949747468305833,41.0,82
MY ROSE,Beyoncé,3,30.0,11.135528725660043,50.666666666666664,7
Ma Meilleure Ennemie (from the series Arcane League of Legends),Stromae & Pomme & Arcane,1,36.0,,77.0,0
Magic Don Juan (Princess Diana),Future & Metro Boomin,4,30.25,11.206396982676159,58.25,79
Magnetic,ILLIT,12,43.666666666666664,4.7161874689651855,90.33333333333333,6
"Mama, I’m Sorry",Lil Uzi Vert,2,29.5,16.263455967290593,73.5,3
Mamaw's House,Thomas Rhett,2,13.0,0.0,12.5,25
Mamushi (feat. Yuki Chiba),Megan Thee Stallion,36,38.72222222222222,7.595529177882439,84.47222222222223,13
Margaritaville,Jimmy Buffett,3,13.666666666666666,12.423096769056148,72.66666666666667,5
Mean (Taylor's Version),Taylor Swift,6,23.666666666666668,13.246383154154445,71.5,87
Mechanical Bull,Zach Bryan,2,29.0,19.79898987322333,67.5,3
Mele Kalikimaka (Merry Christmas),Bing Crosby,18,37.55555555555556,8.603844709828838,83.66666666666667,10
Members Only (feat. PARTYNEXTDOOR),Drake,7,27.714285714285715,8.42049653552342,65.57142857142857,80
Memphis; The Blues (feat. John Moreland),Zach Bryan,1,46.0,,63.0,0
Meteor Man,Lil Uzi Vert,1,20.0,,66.0,0
Mine (Taylor's Version),Taylor Swift,8,14.125,14.826978306933807,77.75,90
Missin’ You Like This (Feat. Luke Combs),Post Malone,3,40.333333333333336,6.350852961085883,57.666666666666664,31
Mistletoe,Justin Bieber,29,40.0,7.111359122659224,89.86206896551724,9
Mistletoe And Holly - Remastered 1999,Frank Sinatra,2,50.0,0.0,81.0,0
Mmhmm,BigXthaPlug,58,42.206896551724135,5.336924078595239,80.32758620689656,0
Money On The Dresser,Young Thug,1,23.0,,70.0,0
Money Trees,Kendrick Lamar,41,45.073170731707314,4.479900913538373,84.70731707317073,-1
Monster Mash,"Bobby ""Boris"" Pickett & The Crypt-Kickers",8,26.25,18.506755523321747,77.75,3
Moonlight,Kali Uchis,105,42.266666666666666,5.319171903932952,86.78095238095239,-1
Mourning,Post Malone,11,29.181818181818183,11.347406591976705,73.9090909090909,2
Mr Chow,Lil Uzi Vert,1,39.0,,64.0,0
Mr. Brightside,The Killers,3,33.0,10.392304845413264,86.66666666666667,1
Murder On The Dancefloor,Sophie Ellis-Bextor,31,35.193548387096776,6.794210058761847,87.61290322580645,17
My Boo,USHER,3,33.0,11.532562594670797,84.33333333333333,1
My Boy Only Breaks His Favorite Toys,Taylor Swift,29,18.93103448275862,10.053183697866771,84.51724137931035,3
My Love Mine All Mine,Mitski,223,16.573991031390136,14.125647421658249,95.02690582959642,16
NADIE SABE,Bad Bunny,5,21.6,17.372391890583174,66.4,83
NEL,Fuerza Regida,10,42.3,5.945119380167602,87.2,1
NEW DROP,Don Toliver,4,48.0,1.4142135623730951,84.5,1
NIGHTS LIKE THIS,The Kid LAROI,147,31.591836734693878,6.092612978408257,87.60544217687075,9
NO ME QUIERO CASAR,Bad Bunny,2,25.0,0.0,39.0,78
Nakamura,Lil Uzi Vert,2,25.5,13.435028842544403,73.5,3
Needle (feat. Drake),Nicki Minaj,7,29.714285714285715,9.911513266807205,79.85714285714286,11
Neva Play (feat. RM of BTS),Megan Thee Stallion & RM,6,44.166666666666664,3.4880749227427246,80.0,10
Never Grow Up (Taylor's Version),Taylor Swift,4,26.75,8.421203397773187,62.25,84
Never Lose Me,Flo Milli,75,17.906666666666666,13.14490275614348,87.2,-7
Never Love You Again (Feat. Sierra Ferrell),Post Malone,3,46.333333333333336,6.350852961085883,56.333333333333336,32
New Jeans,NewJeans,3,34.666666666666664,6.350852961085884,88.33333333333333,1
New Romantics,Taylor Swift,1,31.0,,76.0,0
New Romantics (Taylor's Version),Taylor Swift,9,27.444444444444443,11.641639823400213,75.11111111111111,86
New Year’s Day,Taylor Swift,1,39.0,,77.0,0
Night Changes,One Direction,10,31.1,9.723396754449777,88.0,3
Nine Ball,Zach Bryan,3,43.333333333333336,6.350852961085883,46.333333333333336,71
No Complaints,Noah Kahan,1,24.0,,65.0,0
No Face,Drake,3,40.0,5.196152422706632,65.66666666666667,15
No One Noticed,The Marías,52,36.75,9.622023349240704,80.90384615384616,7
No One Noticed (Extended English),The Marías,2,37.5,10.606601717798213,59.0,4
No Pole,Don Toliver,7,47.42857142857143,2.2990681342044397,82.14285714285714,2
No Role Modelz,J. Cole,271,34.49815498154982,7.483747594940694,90.5350553505535,-2
Noid,"Tyler, The Creator",26,19.923076923076923,14.59841930326178,81.92307692307692,15
Nonsense,Sabrina Carpenter,3,48.0,2.6457513110645907,84.33333333333333,3
Northern Attitude (with Hozier),Noah Kahan & Hozier,8,21.75,12.186057606953941,71.625,37
Nosedive (Feat. Lainey Wilson),Post Malone,5,34.2,7.529940238806679,63.2,34
Not Allowed,TV Girl,25,43.72,3.8678159211627423,88.96,4
Not An Option,Lil Uzi Vert,1,37.0,,64.0,0
Not Like Us,Kendrick Lamar,201,11.99502487562189,12.712787858073385,93.48258706467662,9
Novacandy,Post Malone,1,36.0,,46.0,0
Now And Then,The Beatles,4,34.5,12.556538801224908,79.5,10
Now That We Don't Talk (Taylor's Version) (From The Vault),Taylor Swift,34,14.676470588235293,15.193141571187281,88.29411764705883,92
OCEAN,Future,1,36.0,,67.0,0
OH LOUISIANA,Beyoncé,2,38.5,9.192388155425117,46.5,3
ONE CALL,Rich Amiri,80,24.9125,9.71257015353515,85.675,7
Oak Island,Zach Bryan,5,33.4,10.945318634009702,70.6,9
Of Course (Bonus Track),Lil Uzi Vert,1,45.0,,68.0,0
Oh U Went (feat. Drake),Young Thug,8,17.375,14.201986782539567,80.375,11
Oklahoman Son,Zach Bryan,6,35.333333333333336,8.75595035770913,68.66666666666667,39
On The Radar Freestyle,Drake & Central Cee,1,46.0,,72.0,0
"One Of The Girls (with JENNIE, Lily Rose Depp)",The Weeknd,40,35.575,7.132042178859126,81.075,54
"One Of The Girls (with JENNIE, Lily Rose Depp)",The Weeknd & JENNIE & Lily-Rose Depp,53,30.41509433962264,9.884786216637218,96.01886792452831,2
One Of Your Girls,Troye Sivan,10,32.4,6.915361322607968,82.3,9
One Thing At A Time,Morgan Wallen,10,45.4,3.747591819348052,82.3,-1
Or What,NLE Choppa,13,40.76923076923077,4.342692063567753,65.76923076923077,8
Ours (Taylor’s Version),Taylor Swift,4,31.0,8.602325267042628,61.5,83
Out Of My Hands,Future & Metro Boomin,2,49.0,0.0,71.5,3
Out Of The Woods,Taylor Swift,1,41.0,,72.0,0
Out Of The Woods (Taylor's Version),Taylor Swift,11,22.363636363636363,13.276089237970098,78.63636363636364,88
Overcompensate,Twenty One Pilots,1,48.0,,76.0,0
Overdrive,Post Malone,9,28.88888888888889,7.849274559544411,75.66666666666667,-8
Overtime,Zach Bryan,12,26.5,16.09347693943108,77.25,39
PAID,Kanye West & Ty Dolla $ign,4,21.5,14.38749456993816,79.25,13
PAID,¥$ & Kanye West & Ty Dolla $ign,2,39.0,11.313708498984761,15.0,30
PAPERWORK,Kanye West & Ty Dolla $ign,3,23.333333333333332,7.023769168568493,80.66666666666667,5
PAPERWORK,¥$ & Kanye West & Ty Dolla $ign,1,41.0,,0.0,0
PARASAIL,Travis Scott,3,25.0,7.54983443527075,53.666666666666664,82
PARASAIL (feat. Yung Lean & Dave Chappelle),Travis Scott,3,39.666666666666664,8.621678104251709,83.66666666666667,1
PERRO NEGRO,Bad Bunny,36,25.583333333333332,12.586557455135564,91.16666666666667,95
PLUTOSKI,Future,1,23.0,,68.0,0
PRC,Peso Pluma,1,45.0,,56.0,0
PRC,Peso Pluma & Natanael Cano,44,27.931818181818183,9.107619420082127,95.27272727272727,-1
PRESS THE BUTTON,Future,1,50.0,,66.0,0
PROBLEMATIC,Kanye West & Ty Dolla $ign,3,32.666666666666664,4.932882862316248,78.66666666666667,5
PROMOTION,¥$ & Kanye West & Ty Dolla $ign,1,48.0,,0.0,0
PROTECTOR,Beyoncé,4,29.75,13.720422734012244,51.0,5
Paars In The Mars,Lil Uzi Vert,1,36.0,,64.0,0
Paint The Town Red,Doja Cat,197,16.238578680203045,14.631142840758752,87.96954314720813,11
Parade on Cleveland (feat. Drake),Young Thug,1,4.0,,73.0,0
Parking Lot,Mustard & Travis Scott,7,38.142857142857146,6.890296835129129,70.71428571428571,37
Party In The U.S.A.,Miley Cyrus,7,14.0,9.763879010584539,80.71428571428571,-1
Patience (feat. Don Toliver),Lil Uzi Vert,2,36.5,19.091883092036785,26.5,15
Paul Revere,Noah Kahan,1,36.0,,65.0,0
Pelle Coat,Lil Durk,1,41.0,,71.0,0
"Peso Pluma: Bzrp Music Sessions, Vol. 55",Bizarrap & Peso Pluma,46,23.456521739130434,15.676885350716734,95.43478260869566,14
Peter,Taylor Swift,7,39.42857142857143,6.373307431706683,81.71428571428571,9
Pi (feat. Daylyt & Ab-Soul),J. Cole,1,25.0,,69.0,0
Pink + White,Frank Ocean,216,39.592592592592595,6.853329914838429,89.81018518518519,-2
Pink Pony Club,Chappell Roan,148,21.66216216216216,8.74005094558079,86.53378378378379,9
Pink Skies,Zach Bryan,177,22.062146892655367,10.871228809072557,86.79661016949153,11
Please Come Home for Christmas - 2013 Remaster,Eagles,12,38.416666666666664,9.976867183032896,87.33333333333333,2
Please Please Please,Sabrina Carpenter,170,9.905882352941177,9.685129856698198,92.17647058823529,14
Pluto to Mars,Lil Uzi Vert,3,26.333333333333332,8.082903768654761,74.66666666666667,5
Polar Opposites,Drake,5,36.8,8.555699854482976,57.6,76
Popular,Wicked Movie Cast & Cynthia Erivo & Ariana Grande,1,44.0,,75.0,0
Popular (with Playboi Carti & Madonna),The Weeknd,17,44.411764705882355,6.042131489894645,74.94117647058823,65
Popular (with Playboi Carti & Madonna),The Weeknd & Playboi Carti & Madonna,6,18.333333333333332,8.547904226573124,81.16666666666667,10
Popular (with Playboi Carti & Madonna) - From The Idol Vol. 1 (Music from the HBO Original Series),The Weeknd & Madonna,18,21.666666666666668,4.715431487960253,95.83333333333333,1
Popular (with Playboi Carti & Madonna) - Music from the HBO Original Series,The Weeknd & Madonna,27,28.962962962962962,7.089979285428571,93.07407407407408,6
Popular (with Playboi Carti & Madonna) - The Idol Vol. 1 (Music from the HBO Original Series),The Weeknd & Playboi Carti & Madonna,3,29.666666666666668,7.023769168568492,86.66666666666667,1
Por las Noches,Peso Pluma,41,35.146341463414636,10.245879600136231,92.82926829268293,-1
Pour Me A Drink (Feat. Blake Shelton),Post Malone,7,22.857142857142858,7.7120808136449455,66.0,37
Pour Me A Drink (Feat. Blake Shelton),Post Malone & Blake Shelton,28,25.428571428571427,12.996947138487366,80.78571428571429,44
Praise Jah In The Moonlight,YG Marley,41,34.73170731707317,9.995059755308874,92.85365853658537,5
"Pricey (feat. Ari Lennox, Young Dro & Gucci Mane)",J. Cole,3,25.666666666666668,17.616280348965084,73.66666666666667,5
Princess Diana (with Nicki Minaj),Ice Spice & Nicki Minaj,2,49.0,0.0,87.0,0
Psycho Killer - 2005 Remaster,Talking Heads,1,46.0,,78.0,0
Purple Gas,Zach Bryan,2,41.0,9.899494936611665,65.0,4
Push Ups,Drake,28,21.214285714285715,11.67890514546742,88.35714285714286,17
QLONA,KAROL G,85,28.4,10.666145820617055,89.44705882352942,35
Que Onda,Calle 24 & Chino Pacas & Fuerza Regida,56,44.589285714285715,2.921872287136735,93.92857142857143,1
Qué Pasaría...,Rauw Alejandro,9,35.666666666666664,10.700467279516348,79.77777777777777,12
READY TO COOK UP,Future,1,26.0,,68.0,0
RELOJ,Peso Pluma,2,47.0,0.0,31.5,63
RIIVERDANCE,Beyoncé,4,36.5,8.06225774829855,74.25,7
ROSA PASTEL,Peso Pluma,1,48.0,,68.0,0
Rah Tah Tah,"Tyler, The Creator",25,18.68,12.690941651429968,85.76,9
Ready ‘24 (feat. Cam’ron),J. Cole,2,22.5,16.263455967290593,71.0,0
Red Button,Drake,2,20.0,19.79898987322333,33.5,67
Red Leather,Future & Metro Boomin,2,40.0,0.0,71.0,4
Red Wine Supernova,Chappell Roan,149,27.543624161073826,9.538317618580638,86.25503355704699,5
Rehab,Lil Uzi Vert,1,48.0,,68.0,0
Religiously,Bailey Zimmerman,67,33.88059701492537,7.170060622835936,85.26865671641791,1
Renaissance,Eminem,7,21.714285714285715,14.727686916307052,80.57142857142857,9
Rich Baby Daddy (feat. Sexyy Red & SZA),Drake,140,26.307142857142857,9.68934475854527,88.75,89
Rich Flex,Drake & 21 Savage,18,44.05555555555556,3.472111109333277,90.0,0
Rich Girl,Daryl Hall & John Oates,2,35.0,7.0710678118654755,83.0,0
Rich Men North of Richmond,Oliver Anthony Music,54,15.722222222222221,12.044597421417834,86.64814814814815,24
Road Rage,Eminem,1,23.0,,71.0,0
Robin,Taylor Swift,4,42.75,6.652067347825035,78.5,6
Rockin' Around The Christmas Tree,Brenda Lee,61,12.80327868852459,15.459430425181852,89.65573770491804,6
Romantic Homicide,d4vd,22,47.72727272727273,2.051290376273482,90.31818181818181,-1
Rompe La Dompe,Peso Pluma & Junior H & Oscar Maydon,1,32.0,,0.0,0
Rudolph The Red-Nosed Reindeer,Burl Ives,8,38.875,9.218575966880291,85.75,1
Run Rudolph Run,Chuck Berry,20,32.65,8.886861976506312,86.2,11
Runnin Outta Time,Future & Metro Boomin,3,32.333333333333336,13.428824718989123,51.333333333333336,78
Rush,Troye Sivan,10,42.8,3.2249030993194205,85.1,11
S91,KAROL G,1,23.0,,50.0,0
SABOR FRESA,Fuerza Regida,47,32.40425531914894,10.791823745756874,91.31914893617021,17
SAY MY GRACE (feat. Travis Scott),Offset,6,31.166666666666668,8.998147957589198,64.5,80
SEDA,Bad Bunny,5,26.4,16.87601848778319,65.8,86
SIRENS,Travis Scott,9,20.88888888888889,10.469532516359608,77.0,89
SKI,Future,2,29.0,21.213203435596427,70.5,3
SKINNY,Billie Eilish,14,24.071428571428573,11.391388688993816,85.92857142857143,29
SKITZO,Travis Scott,3,17.333333333333332,3.5118845842842465,54.333333333333336,83
SKITZO (feat. Young Thug),Travis Scott,5,24.2,3.8340579025361627,85.8,3
SLIDE,¥$ & Kanye West & Ty Dolla $ign,3,40.0,10.392304845413264,47.0,72
SLUT ME OUT,NLE Choppa,33,36.54545454545455,9.21646254363255,76.03030303030303,3
SMOKE HOUR ★ WILLIE NELSON,Beyoncé,3,28.333333333333332,13.316656236958787,50.666666666666664,6
SPAGHETTII,Beyoncé,6,29.833333333333332,12.303116136437415,78.5,8
STARS,Kanye West & Ty Dolla $ign,4,10.75,5.560275772537426,81.0,13
STARS,¥$ & Kanye West & Ty Dolla $ign,2,23.0,2.8284271247461903,16.0,32
SWEET ★ HONEY ★ BUCKIIN',Beyoncé,2,41.5,6.363961030678928,71.0,4
Sailor Song,Gigi Perez,94,14.77659574468085,11.126983820047311,85.72340425531915,11
Santa Baby (with Henri René & His Orchestra),Eartha Kitt,23,30.565217391304348,11.288876612748746,77.30434782608695,9
"Santa Claus Is Comin' to Town - Live at C.W. Post College, Greenvale, NY - December 1975",Bruce Springsteen,5,35.2,7.1902712048990205,86.0,0
Santa Claus Is Coming To Town,The Jackson 5,5,38.2,7.395944834840238,87.0,0
Santa Tell Me,Ariana Grande,37,18.89189189189189,12.317069871126419,91.75675675675676,-1
Santa Tell Me - Naughty Version,Ariana Grande,2,9.5,0.7071067811865476,59.0,6
"Santa, Can’t You Hear Me",Kelly Clarkson,4,45.25,2.3629078131263053,87.0,0
Sarah's Place (feat. Noah Kahan),Zach Bryan & Noah Kahan,13,24.076923076923077,14.86865572528072,66.07692307692308,75
Saturn,SZA,118,23.084745762711865,12.518414655632975,89.94915254237289,89
Saturn Returns Interlude,Ariana Grande,5,32.0,9.9498743710662,79.6,8
Say Don't Go (Taylor's Version) (From The Vault),Taylor Swift,23,18.304347826086957,14.858223259157613,85.34782608695652,90
Say Yes To Heaven,Lana Del Rey,15,39.6,10.795501708714474,86.66666666666667,14
Scared To Start,Michael Marcagi,127,38.976377952755904,10.540522386176036,89.14173228346456,-2
Screw The World - Interlude,Drake,2,24.5,4.949747468305833,34.0,68
Search & Rescue,Drake,84,31.0,12.55445967898759,90.16666666666667,-4
See You Again (feat. Kali Uchis),"Tyler, The Creator",443,29.340857787810382,11.786710293123722,91.08352144469526,-4
Seen it All,Future & Metro Boomin,1,39.0,,0.0,0
Self Love (Spider-Man: Across the Spider-Verse) (Metro Boomin & Coi Leray),Metro Boomin,25,27.44,10.801543099637819,86.64,13
Selfish,Justin Timberlake,2,44.0,0.0,73.0,0
September,"Earth, Wind & Fire & sped up + slowed",3,19.666666666666668,7.094598884597588,83.33333333333333,5
Seven (feat. Latto) (Explicit Ver.),Jung Kook,6,30.5,9.792854537876073,65.83333333333333,83
Seven (feat. Latto) (Explicit Ver.),Jung Kook & Latto,81,22.358024691358025,9.439688344928701,98.65432098765432,11
Seven (feat. Latto) (Explicit Ver.),Jung Kook & Latto & BTS,2,4.0,0.0,92.0,2
Shake It Off,Taylor Swift,1,34.0,,79.0,0
Shake It Off (Taylor's Version),Taylor Swift,6,31.833333333333332,13.257702163899545,69.83333333333333,86
Sharpest Tool,Sabrina Carpenter,23,26.52173913043478,13.84941602056462,82.69565217391305,36
She Calls Me Back (with Kacey Musgraves),Noah Kahan & Kacey Musgraves,1,46.0,,31.0,0
She Stank,Lil Uzi Vert,1,50.0,,63.0,0
Should've Been A Cowboy,Toby Keith,5,27.4,16.92040188648012,77.6,3
Shut up My Moms Calling,Hotel Ugly,45,46.355555555555554,2.939971826979696,89.24444444444444,-3
Si Antes Te Hubiera Conocido,KAROL G,51,46.568627450980394,3.312128632530956,95.31372549019608,4
Si No Quieres No,Luis R Conriquez & Neton Vega,1,50.0,,89.0,0
Sign Me Up,Post Malone,1,44.0,,44.0,0
Single Soon,Selena Gomez,10,35.6,8.630694577430537,75.8,88
Skin and Bones,David Kushner,1,37.0,,73.0,0
Sleigh Ride,The Ronettes,34,19.38235294117647,8.323077467999706,79.94117647058823,12
Slim Pickins,Sabrina Carpenter,16,24.9375,10.298664962022988,79.75,36
Slime You Out (feat. SZA),Drake,21,23.38095238095238,12.997985191852583,81.57142857142857,15
Slime You Out (feat. SZA),Drake & SZA,21,9.761904761904763,6.869532457924351,83.38095238095238,90
Slimed In,Future & Metro Boomin,5,26.0,11.090536506409418,63.4,81
Slow It Down,Benson Boone,197,37.36040609137056,7.2137238704532045,87.13197969543147,39
Smaller Acts,Zach Bryan,11,33.0,11.907980517283358,74.18181818181819,42
Smeraldo Garden Marching Band (feat. Loco),Jimin & Loco,14,40.714285714285715,7.965585317511165,88.64285714285714,15
Snooze,SZA,281,30.483985765124554,12.325956632816867,91.87188612099644,-7
Snooze (Acoustic) (feat. Justin Bieber),SZA & Justin Bieber,1,36.0,,0.0,0
Snow On The Beach (feat. More Lana Del Rey),Taylor Swift,3,20.0,16.522711641858304,79.33333333333333,4
Snowman,Sia,5,43.6,4.277849927241488,94.0,0
So High School,Taylor Swift,18,32.77777777777778,9.65618092546735,86.27777777777777,11
"So Long, London",Taylor Swift,35,19.4,14.783138248375689,84.97142857142858,4
Somebody Save Me,Eminem,10,37.7,7.5726114679444905,78.4,11
Somebody's Watching Me - Single Version,Rockwell,3,19.333333333333332,19.655363983740756,78.33333333333333,1
Something Real,Post Malone,4,39.25,8.301606270274847,68.5,31
Something in the Orange,Zach Bryan,535,26.304672897196262,9.352375403536978,88.36635514018691,-3
Sparks Fly (Taylor’s Version),Taylor Swift,7,14.714285714285714,11.338934190276817,75.14285714285714,89
Speak Now (Taylor's Version),Taylor Swift,7,22.714285714285715,15.228419547174353,74.71428571428571,89
Speed Drive (From Barbie The Album),Charli XCX,30,37.333333333333336,8.018656407074234,87.93333333333334,5
Spin Again,Lil Uzi Vert,2,25.5,17.67766952966369,74.5,3
Spin You Around (1/24),Morgan Wallen,10,34.5,9.991663191547909,76.4,14
"Spooky, Scary Skeletons - Undead Tombstone Remix",Andrew Gold,2,17.5,9.192388155425117,77.0,0
Spotless (feat. The Lumineers),Zach Bryan,28,25.821428571428573,15.444173230460954,81.25,43
St. Chroma (feat. Daniel Caesar),"Tyler, The Creator",29,7.551724137931035,8.740652994961252,88.44827586206897,10
Stand By Me (feat. Morgan Wallen),Lil Durk,31,19.516129032258064,11.729935969538042,84.87096774193549,14
Standing Next to You,Jung Kook,14,25.071428571428573,7.332375894874476,86.0,96
Stargazing,Myles Smith,76,37.43421052631579,7.584783936831761,90.75,6
Stealth Mode (feat. Bas),J. Cole,1,33.0,,68.0,0
Stick Season,Noah Kahan,413,18.322033898305083,11.355483843894337,91.07990314769975,5
"Sticky (feat. GloRilla, Sexyy Red & Lil Wayne)","Tyler, The Creator",29,4.551724137931035,3.1462699786135837,85.93103448275862,14
Stickz N Stonez,J. Cole,2,33.0,21.213203435596427,69.0,0
Stories About My Brother,Drake,2,29.5,24.748737341529164,33.5,67
Story of My Life,One Direction,6,37.833333333333336,11.14300976696452,84.66666666666667,5
Strangers,Kenya Grace,83,33.24096385542169,9.794959332633592,95.79518072289157,7
Style,Taylor Swift,38,34.39473684210526,10.854167150153476,82.89473684210526,-1
Style (Taylor's Version),Taylor Swift,18,26.38888888888889,15.782115301780454,84.0,90
Suburban Legends (Taylor's Version) (From The Vault),Taylor Swift,14,15.857142857142858,12.799381853205874,80.5,88
Suicide Doors,Lil Uzi Vert,3,7.0,4.0,79.33333333333333,4
Summertime's Close,Zach Bryan,12,27.333333333333332,14.754557590689384,76.75,40
Sun to Me,Zach Bryan,82,44.207317073170735,4.4186412214505975,83.9390243902439,-1
Sunflower - Spider-Man: Into the Spider-Verse,Post Malone,44,36.09090909090909,6.781706521251163,87.18181818181819,3
Super Freak,Rick James,1,35.0,,76.0,0
Super Shy,NewJeans,51,25.54901960784314,10.551424028045119,91.54901960784314,94
Superhero (Heroes & Villains) [with Future & Chris Brown],Metro Boomin,40,38.675,6.244536073178759,90.225,1
Superman (Taylor’s Version),Taylor Swift,3,32.333333333333336,11.372481406154654,53.666666666666664,81
Sure Thing,Miguel,16,43.625,4.5,90.875,-1
Surround Sound (feat. 21 Savage & Baby Tate),JID,109,25.495412844036696,11.968031377777347,92.1743119266055,3
Sweater Weather,The Neighbourhood,183,37.24590163934426,7.906713806698787,90.93442622950819,-1
Sweet Dreams,Koe Wetzel,4,43.5,1.9148542155126762,75.25,2
Sweet Home Alabama,Lynyrd Skynyrd,3,33.0,12.12435565298214,84.33333333333333,-5
Sympathy is a knife featuring ariana grande,Charli xcx,6,29.833333333333332,13.07542223664944,75.66666666666667,7
TALKING,Kanye West & Ty Dolla $ign,4,10.25,4.0311288741492755,78.25,15
TALKING,¥$ & Kanye West & Ty Dolla $ign,2,26.0,8.48528137423857,54.0,-50
TEFLON DON,Future,6,35.833333333333336,14.972196454317137,75.16666666666667,7
TELEFONO NUEVO,Bad Bunny,5,23.0,11.874342087037917,65.8,86
TELEKINESIS,Travis Scott,3,13.666666666666666,1.5275252316519465,54.333333333333336,83
TELEKINESIS (feat. SZA & Future),Travis Scott,67,28.611940298507463,11.82697894758779,90.56716417910448,5
TEXAS HOLD 'EM,Beyoncé,63,13.857142857142858,11.144009157038859,82.57142857142857,10
TGIF,GloRilla,2,36.5,0.7071067811865476,67.5,1
THANK GOD,Travis Scott,9,14.333333333333334,6.946221994724902,78.44444444444444,90
THE DINER,Billie Eilish,14,30.214285714285715,9.664992908020569,83.78571428571429,31
THE GREATEST,Billie Eilish,18,29.333333333333332,12.83836163269148,85.77777777777777,31
THUNDER Y LIGHTNING,Bad Bunny,2,30.0,0.0,39.0,78
TIL FURTHER NOTICE,Travis Scott,3,20.333333333333332,2.081665999466133,53.666666666666664,82
TIL FURTHER NOTICE (feat. James Blake & 21 Savage),Travis Scott,6,27.5,10.153817016275209,85.83333333333333,3
TOO FAST,Future,2,33.5,23.33452377915607,70.5,3
TOO MUCH,The Kid LAROI & Jung Kook & Central Cee,1,33.0,,55.0,0
TOPIA TWINS,Travis Scott,3,7.0,3.0,55.666666666666664,85
TOPIA TWINS (feat. Rob49 & 21 Savage),Travis Scott,18,26.944444444444443,11.628930567502362,89.22222222222223,4
TQG,KAROL G,1,50.0,,96.0,0
TQM,Fuerza Regida,68,25.029411764705884,10.130448544290438,92.58823529411765,19
TULUM,Peso Pluma,22,37.90909090909091,6.753546446896595,88.9090909090909,16
TV,Billie Eilish,1,50.0,,81.0,0
TYRANT,Beyoncé,4,37.0,4.898979485566356,49.5,8
"Take Me Home, Country Roads",John Denver,2,42.0,0.0,78.5,1
Take Two,BTS,1,17.0,,83.0,0
Take Your Mask Off (feat. Daniel Caesar & LaToiya Williams),"Tyler, The Creator",12,26.0,13.259644860183165,81.16666666666667,9
Talk talk featuring troye sivan,Charli xcx,1,48.0,,63.0,0
Talk talk featuring troye sivan,Charli xcx & Troye Sivan,1,46.0,,72.0,0
Talking / Once Again,¥$ & Kanye West & Ty Dolla $ign,1,33.0,,73.0,0
Taste,Sabrina Carpenter,96,4.625,5.4911411909499614,93.26041666666667,40
Tell Ur Girlfriend,Lay Bankz,33,34.75757575757576,9.31071393285144,87.0909090909091,13
Temporary,Eminem,1,27.0,,70.0,0
That Fiya,Lil Uzi Vert,1,20.0,,72.0,0
That’s So True,Gracie Abrams,38,8.052631578947368,9.863795027629273,87.28947368421052,26
The Addams Family,Andrew Gold,1,39.0,,72.0,0
The Albatross,Taylor Swift,10,33.3,9.45221902224258,84.6,9
The Alchemy,Taylor Swift,21,28.761904761904763,14.470330894298035,80.42857142857143,3
The Black Dog,Taylor Swift,15,31.066666666666666,10.208306608322646,86.33333333333333,9
The Bolter,Taylor Swift,7,39.714285714285715,5.2508502712826,81.0,9
The Christmas Song (Merry Christmas To You),Nat King Cole,34,19.852941176470587,6.74259348062152,81.61764705882354,-6
The Emptiness Machine,Linkin Park,16,33.125,9.932270636667125,87.3125,-8
The End (feat. BABYMETAL),Lil Uzi Vert,1,43.0,,25.0,0
The Great American Bar Scene,Zach Bryan,2,23.0,12.727922061357855,68.0,4
The Kind of Love We Make,Luke Combs,7,47.42857142857143,2.1491969707422407,83.57142857142857,1
The Man He Sees in Me,Luke Combs,7,28.0,11.604596790352806,60.142857142857146,-3
The Manuscript,Taylor Swift,5,42.8,6.300793600809346,79.8,7
The Prophecy,Taylor Swift,13,34.46153846153846,8.66617355599137,84.92307692307692,11
The Rush (feat. Big Time Rush),Lil Uzi Vert,1,33.0,,65.0,0
The Shoe Fits,Drake,2,25.0,14.142135623730951,33.5,67
The Smallest Man Who Ever Lived,Taylor Swift,28,26.785714285714285,10.764678670462342,80.03571428571429,3
The Story Of Us (Taylor's Version),Taylor Swift,6,24.333333333333332,11.67333142965909,71.5,87
The Thin Grey Line,$uicideboy$,5,40.6,10.4546640309481,57.0,35
The Tortured Poets Department,Taylor Swift,28,22.857142857142858,12.176827676990927,84.96428571428571,2
The Way Back,Zach Bryan,3,44.333333333333336,7.371114795831993,67.66666666666667,7
"The girl, so confusing version with lorde",Charli xcx & Lorde,2,25.0,0.0,33.5,67
Thick Of It (feat. Trippie Redd),KSI & Trippie Redd,2,48.0,2.8284271247461903,75.0,0
Think U The Shit (Fart),Ice Spice,15,28.0,11.777702904823409,80.26666666666667,16
Thinkin Bout You,Frank Ocean,6,44.833333333333336,4.833908011812664,87.5,1
Thinkin’ Bout Me,Morgan Wallen,323,39.04643962848297,7.136274104309678,85.984520123839,-4
This Christmas,Donny Hathaway,5,35.8,7.91833315793166,74.0,0
This Is Halloween,Various Artists,6,23.166666666666668,19.322698224281893,59.833333333333336,11
This Love (Taylor’s Version),Taylor Swift,6,35.833333333333336,11.49637624065369,67.83333333333333,83
This World's A Giant,Zach Bryan,3,23.0,10.583005244258363,64.66666666666667,4
Thought I Was Dead (feat. ScHoolboy Q & Santigold),"Tyler, The Creator",25,26.4,14.130345596151095,83.48,11
Thriller,Michael Jackson,5,25.2,17.369513522260778,73.6,1
Thriller - 2003 Edit,Michael Jackson,1,23.0,,56.0,0
Ticking,Zach Bryan,13,26.615384615384617,13.200621585986406,76.76923076923077,42
Timeless (Taylor’s Version) (From The Vault),Taylor Swift,6,24.0,8.854377448471462,70.0,86
Timeless (with Playboi Carti),The Weeknd & Playboi Carti,60,10.083333333333334,6.919125218212972,90.7,13
Tobey (feat. Big Sean and BabyTron),Eminem,8,28.125,9.078034714943225,75.25,11
Tobey (feat. Big Sean and BabyTron),Eminem & Big Sean & BabyTron,8,32.875,7.827378689117906,77.75,17
Tomorrow,"Tyler, The Creator",9,31.333333333333332,14.465476141489432,79.44444444444444,9
Too Cool To Die,Post Malone,1,38.0,,45.0,0
Too Sweet,Hozier,230,16.465217391304346,11.679718123941095,83.34782608695652,39
Total Eclipse of the Heart,Bonnie Tyler,1,36.0,,80.0,0
Tough,Quavo & Lana Del Rey,20,28.45,10.0024996875781,84.35,19
Tourniquet,Zach Bryan,42,29.833333333333332,14.447409535152756,82.5,45
Tradesman,Zach Bryan,8,32.375,9.210824377561744,71.75,41
Trae The Truth in Ibiza,J. Cole,1,34.0,,67.0,0
Training Season,Dua Lipa,8,32.0,6.458659745975609,85.25,11
Trance (with Travis Scott & Young Thug),Metro Boomin,19,44.421052631578945,4.7878989763973845,90.3157894736842,1
Tried Our Best,Drake,7,21.428571428571427,6.1062029351892875,66.0,81
Trouble,Eminem,4,26.5,10.598742063723098,77.25,6
Try That In A Small Town,Jason Aldean,7,12.142857142857142,4.980915960897534,77.28571428571429,7
Tu Boda,Oscar Maydon & Fuerza Regida,39,23.58974358974359,7.704127221711301,91.33333333333333,7
Turks & Caicos (feat. 21 Savage),Rod Wave,1,43.0,,66.0,0
Two Faced,Linkin Park,1,46.0,,69.0,0
Type Shit,Future & Metro Boomin,85,25.67058823529412,13.612309061404433,88.61176470588235,84
Tú Con Él,Rauw Alejandro,1,44.0,,69.0,0
UN PREVIEW,Bad Bunny,17,26.235294117647058,14.337579170508118,74.3529411764706,82
UNA NOCHE EN MEDELLÍN - REMIX,KAROL G,1,40.0,,56.0,0
Una Velita,Bad Bunny,1,20.0,,72.0,0
Uncle M,Young Thug,1,38.0,,69.0,0
Underneath the Tree,Kelly Clarkson,34,20.294117647058822,8.778518587540859,83.05882352941177,9
Used To Be Young,Miley Cyrus,17,22.941176470588236,11.945033425211156,74.41176470588235,84
VOU 787,Bad Bunny,3,23.666666666666668,21.93931022920578,53.333333333333336,80
VUELVE CANDY B,Bad Bunny,2,22.0,0.0,39.0,78
VULTURES,Kanye West & Ty Dolla $ign,3,21.333333333333332,3.785938897200183,79.66666666666667,5
VULTURES,¥$ & Kanye West & Ty Dolla $ign,1,49.0,,26.0,0
VVS,Peso Pluma,4,29.0,10.392304845413264,78.0,8
Virginia Beach,Drake,28,19.071428571428573,12.11955435994236,82.60714285714286,86
Vultures,¥$ & Kanye West & Ty Dolla $ign,2,33.5,0.7071067811865476,32.5,65
WHATCHU KNO ABOUT ME (feat. Sexyy Red),GloRilla,12,33.416666666666664,6.921092049056645,78.25,3
WHERE SHE GOES,Bad Bunny,94,21.79787234042553,14.553261310758725,95.2872340425532,-1
WHISKEY WHISKEY (feat. Morgan Wallen),Moneybagg Yo,3,39.666666666666664,2.886751345948128,64.33333333333333,6
WILDFLOWER,Billie Eilish,147,27.959183673469386,12.536455088196254,90.07482993197279,34
WTFYM,Future & Metro Boomin,1,40.0,,0.0,0
Wagon Wheel,Darius Rucker,2,41.0,0.0,83.0,0
Wanna Be (with Megan Thee Stallion),GloRilla,19,37.63157894736842,8.970386628084093,75.73684210526316,22
Want Me Dead (feat. 21 Savage),Young Thug,1,33.0,,69.0,0
War Bout It (feat. 21 Savage),Lil Durk,3,29.333333333333332,17.61628034896508,77.33333333333333,6
Wasted On You,Morgan Wallen,193,34.740932642487046,11.073393090752006,86.56994818652849,-1
Watch This - ARIZONATEARS Pluggnb Remix,Lil Uzi Vert & sped up nightcore & ARIZONATEARS,3,47.0,1.0,89.0,0
Water,Tyla,52,31.423076923076923,8.289719959900616,94.36538461538461,3
We Don't Trust You,Future & Metro Boomin,13,27.307692307692307,16.947883916016455,78.15384615384616,86
We Found Love,Rihanna,1,38.0,,85.0,0
We Good,Lil Uzi Vert,1,14.0,,67.0,0
We Still Don't Trust You,Future & Metro Boomin,7,22.714285714285715,5.851332774513447,80.71428571428571,10
Welcome To New York (Taylor's Version),Taylor Swift,10,24.0,12.292725943057183,77.6,88
Werewolf (feat. Bring Me The Horizon),Lil Uzi Vert,3,34.666666666666664,12.897028081435403,74.33333333333333,6
What Don't Belong To Me,Post Malone,7,27.571428571428573,11.759494644146672,68.14285714285714,36
What Is This Feeling?,Wicked Movie Cast & Cynthia Erivo & Ariana Grande,1,45.0,,73.0,0
"What Was I Made For? [From The Motion Picture ""Barbie""]",Billie Eilish,142,26.45774647887324,13.732822017319844,95.2394366197183,12
What Would Pluto Do,Drake,7,18.285714285714285,3.3022358947782497,66.0,81
Whatever She Wants,Bryson Tiller,78,23.58974358974359,14.539186544918719,87.85897435897436,14
Whatever She Wants [BONUS],Bryson Tiller,10,20.9,2.0789954839350226,62.7,19
When Emma Falls in Love (Taylor’s Version) (From The Vault),Taylor Swift,7,21.571428571428573,12.554642472768695,73.42857142857143,87
When It Rains It Pours,Luke Combs,6,47.166666666666664,3.311595788538611,84.5,-3
Where the Wild Things Are,Luke Combs,46,43.67391304347826,4.94437659400876,84.26086956521739,1
Whiskey Glasses,Morgan Wallen,9,46.22222222222222,3.38296385503074,85.33333333333333,2
White Christmas - 1947 Version,Bing Crosby & Fred Astaire,56,25.285714285714285,10.494525474506457,82.82142857142857,22
White Horse,Chris Stapleton,2,35.5,0.7071067811865476,41.0,32
Who,Jimin,129,7.658914728682171,5.1348930795085215,92.7984496124031,11
Who Told You (feat. Drake),J Hus & Drake,1,31.0,,77.0,0
Who’s Afraid of Little Old Me?,Taylor Swift,41,21.70731707317073,13.509707440279792,83.48780487804878,5
Wick Man,Drake,1,21.0,,0.0,0
Wild Ones (feat. Jelly Roll),Jessie Murph & Jelly Roll,3,46.666666666666664,1.1547005383792526,84.0,0
Wildest Dreams (Taylor's Version),Taylor Swift,15,29.2,13.417472617023352,79.2,86
Wildflower and Barley (feat. Allison Russell),Hozier,2,32.0,22.627416997969522,55.5,31
Wind Up Missin’ You,Tucker Wetmore,13,46.07692307692308,3.2005608482873353,71.6923076923077,-29
Winter Wonderland - Remastered,Bing Crosby,3,46.666666666666664,1.154700538379251,74.0,0
Winter Wonderland - Spotify Singles Holiday,Laufey,4,39.75,2.0615528128088303,87.0,0
"Wit Da Racks (feat. 21 Savage, Travis Scott & Yak Gotti)",Young Thug,1,13.0,,71.0,0
Wonderful Christmastime - Edited Version / Remastered 2011,Paul McCartney,13,38.0,8.366600265340756,90.61538461538461,2
Wonderland (Taylor's Version),Taylor Swift,6,30.5,9.22496612459905,68.16666666666667,84
World Tour (Aquafina),Juice WRLD,1,49.0,,68.0,0
Wrong Ones (Feat. Tim McGraw),Post Malone,7,18.285714285714285,5.707138387268052,69.42857142857143,34
YA YA,Beyoncé,7,31.142857142857142,10.714920616109286,78.14285714285714,9
Yeah Glo!,GloRilla,28,44.285714285714285,4.378881498122916,77.75,0
Yeah! (feat. Lil Jon & Ludacris),USHER,8,30.5,14.5209208680835,88.5,2
You Are In Love (Taylor's Version),Taylor Swift,6,32.0,9.633275663033835,68.0,84
You Broke My Heart,Drake,7,16.0,11.40175425099138,66.28571428571429,81
You Proof,Morgan Wallen,301,32.584717607973424,12.04340617668671,84.66112956810632,-3
You Should Probably Leave,Chris Stapleton,2,46.0,0.0,86.0,0
Young Metro,Future & Metro Boomin,13,29.53846153846154,16.199873377156297,77.61538461538461,86
"Your Needs, My Needs",Noah Kahan,1,47.0,,64.0,0
Yours,Post Malone,1,46.0,,37.0,0
You’re Gonna Go Far,Noah Kahan,1,39.0,,65.0,0
You’re Losing Me (From The Vault),Taylor Swift,16,21.5,18.611824198610947,84.75,93
Zoom (Bonus Track),Lil Uzi Vert,1,32.0,,70.0,0
act ii: date @ 8,4batz,52,37.09615384615385,6.834915021301749,85.09615384615384,4
act ii: date @ 8 (feat. Drake) - remix,4batz & Drake,13,33.23076923076923,8.955015784034538,82.3076923076923,11
all of me,21 Savage,10,22.9,14.145670715805597,83.6,10
all-american bitch,Olivia Rodrigo,27,17.703703703703702,12.076088308384833,88.48148148148148,10
august,Taylor Swift,39,30.641025641025642,10.810538667836996,91.7948717948718,-5
back at it,Gunna,1,44.0,,67.0,0
back to the moon,Gunna,2,27.5,13.435028842544403,71.0,4
bad idea right?,Olivia Rodrigo,83,17.843373493975903,14.33610649571082,90.855421686747,13
ballad of a homeschooled girl,Olivia Rodrigo,14,18.571428571428573,7.418420791042189,85.14285714285714,9
bye,Ariana Grande,13,16.846153846153847,9.538047964565862,85.92307692307692,10
cardigan,Taylor Swift,13,45.53846153846154,5.4713707090543044,91.53846153846153,-1
dangerous,21 Savage,5,26.2,11.861703081766969,79.0,8
"dodger blue (feat. wallie the sensei, roddy ricch, siete7x)",Kendrick Lamar,1,10.0,,28.0,0
"dodger blue (feat. wallie the sensei, siete7x, roddy ricch)",Kendrick Lamar,2,7.5,0.7071067811865476,81.0,2
"dodger blue (feat. wallie the sensei, siete7x, roddy ricch))",Kendrick Lamar,1,8.0,,77.0,0
don't wanna break up again,Ariana Grande,11,26.363636363636363,13.36617168281724,84.18181818181819,9
eternal sunshine,Ariana Grande,13,15.538461538461538,8.089245789064481,84.15384615384616,28
euphoria,Kendrick Lamar,63,22.53968253968254,15.534379559051924,88.36507936507937,88
exes,Tate McRae,66,37.621212121212125,10.090002899313678,83.74242424242425,43
fukumean,Gunna,236,15.055084745762711,12.463783090577186,93.44915254237289,20
get him back!,Olivia Rodrigo,34,17.147058823529413,14.2214783209341,90.3529411764706,12
girl i’ve always been,Olivia Rodrigo,1,29.0,,44.0,0
gloria (feat. sza),Kendrick Lamar,1,17.0,,26.0,0
gloria (with sza),Kendrick Lamar,3,13.333333333333334,1.5275252316519465,78.0,4
"gnx (feat. hitta j3, youngthreat, peysoh)",Kendrick Lamar,4,14.0,2.1602468994692865,65.25,53
golden hour,JVKE,40,43.1,5.309884348540163,90.3,1
greedy,Tate McRae,216,14.097222222222221,8.58364001860471,96.05092592592592,45
heart pt. 6,Kendrick Lamar,4,10.75,1.5,66.5,53
hey now (feat. dody6),Kendrick Lamar,4,5.0,0.0,68.25,53
i like the way you kiss me,Artemas,100,19.09,11.981547260161133,96.23,12
i wish i hated you,Ariana Grande,7,26.428571428571427,8.403514004215596,81.71428571428571,10
if u think i'm pretty,Artemas,6,47.833333333333336,1.3291601358251257,85.33333333333333,2
imgonnagetyouback,Taylor Swift,15,29.733333333333334,8.258905727124134,86.2,9
imperfect for you,Ariana Grande,7,29.285714285714285,7.910210399946931,81.0,10
intro (end of the world),Ariana Grande,9,26.77777777777778,13.470131567451167,83.44444444444444,9
just like me,21 Savage,2,46.0,0.0,73.5,3
lacy,Olivia Rodrigo,18,22.38888888888889,12.334260696454594,85.5,9
letter to my brudda,21 Savage,2,36.0,0.0,75.0,4
logical,Olivia Rodrigo,14,19.142857142857142,9.614549414276285,85.14285714285714,9
loml,Taylor Swift,22,29.954545454545453,12.785696147415125,81.5909090909091,4
love hotel,leftovermax,1,37.0,,95.0,0
love is embarrassing,Olivia Rodrigo,14,20.785714285714285,8.29437781251272,84.92857142857143,10
luther (with sza),Kendrick Lamar,4,2.75,0.5,51.5,32
making the bed,Olivia Rodrigo,14,14.571428571428571,6.477348528220784,85.35714285714286,10
man at the garden,Kendrick Lamar,4,6.25,1.707825127659933,68.5,52
meet the grahams,Kendrick Lamar,13,13.923076923076923,7.931598603702561,84.23076923076923,16
misses,Dominic Fike,2,47.5,0.7071067811865476,85.0,0
n.h.i.e.,21 Savage,14,21.285714285714285,12.356428233163443,84.92857142857143,12
née-nah,21 Savage,27,24.14814814814815,15.396562312871373,87.77777777777777,13
obsessed,Olivia Rodrigo,27,29.074074074074073,11.020700542880224,85.48148148148148,42
on one tonight,Gunna,3,48.666666666666664,1.154700538379251,81.33333333333333,2
one of wun,Gunna,68,38.69117647058823,9.159054492264689,84.20588235294117,8
ordinary things (feat. Nonna),Ariana Grande,5,36.0,7.810249675906654,75.0,26
peekaboo (feat. azchike),Kendrick Lamar,4,10.25,0.9574271077563381,66.0,54
pop ur shit,21 Savage,5,23.2,11.627553482998906,79.4,7
pretty isn’t pretty,Olivia Rodrigo,14,29.142857142857142,13.88334443667133,83.92857142857143,10
prove it,21 Savage,3,30.666666666666668,9.814954576223638,75.66666666666667,5
red sky,21 Savage,3,34.333333333333336,9.237604307034012,75.33333333333333,6
redrum,21 Savage,115,15.982608695652173,15.565358866527406,93.59130434782608,14
reincarnated,Kendrick Lamar,4,6.5,0.5773502691896258,68.25,53
run for the hills,Tate McRae,4,40.25,7.22841614740048,77.25,9
scared of my guitar,Olivia Rodrigo,1,32.0,,44.0,0
see the real,21 Savage,2,39.0,0.0,74.5,3
should've wore a bonnet,21 Savage,4,31.0,12.24744871391589,76.5,6
sneaky,21 Savage,6,30.5,13.03456942135029,80.5,9
so american,Olivia Rodrigo,6,30.333333333333332,8.04155872120988,73.66666666666667,35
squabble up,Kendrick Lamar,4,1.0,0.0,71.25,52
stranger,Olivia Rodrigo,1,30.0,,43.0,0
supernatural,Ariana Grande,12,23.833333333333332,12.246211535397263,84.83333333333333,10
teenage dream,Olivia Rodrigo,9,27.22222222222222,13.026682019779422,82.11111111111111,9
thanK you aIMee,Taylor Swift,9,28.77777777777778,9.731107051330001,84.66666666666667,8
the boy is mine,Ariana Grande,23,20.043478260869566,14.977189507167118,87.3913043478261,12
the grudge,Olivia Rodrigo,22,20.727272727272727,14.765409442928293,86.72727272727273,12
true story,Ariana Grande,8,25.0,12.20070255588353,83.0,10
tv off (feat. lefty gunplay),Kendrick Lamar,4,3.25,1.8929694486000912,69.25,55
un x100to,Grupo Frontera,21,43.19047619047619,7.131753274048729,71.19047619047619,36
un x100to,Grupo Frontera & Bad Bunny,79,13.329113924050633,10.875426922344943,99.20253164556962,-2
us. (feat. Taylor Swift),Gracie Abrams,8,29.75,12.302729081677075,71.5,32
vampire,Olivia Rodrigo,257,22.315175097276263,14.724218837662583,94.6887159533074,6
wacced out murals,Kendrick Lamar,4,3.5,1.0,70.75,49
we can't be friends (wait for your love),Ariana Grande,116,22.974137931034484,14.171288307484716,92.16379310344827,21
we fell in love in october,girl in red,11,46.63636363636363,3.748939243912264,86.72727272727273,-1
x2,Lil Uzi Vert,3,24.0,17.69180601295413,76.33333333333333,4
"yes, and?",Ariana Grande,43,15.581395348837209,10.830364189759964,91.34883720930233,0
you look like you love me (feat. Riley Green),Ella Langley & Riley Green,18,36.611111111111114,8.261454713724945,78.77777777777777,11
