song,artist,entry_date,last_observed_date,days_on_chart,entry_position,best_rank,final_observed_position,rank_change_from_entry
"""Slut!"" (Taylor's Version) (From The Vault)",Taylor Swift,2024-10-29,2024-11-23,26,3,3,38,35
(Don't Fear) The Reaper,Blue Öyster Cult,2025-11-02,2025-11-02,1,50,50,50,0
(There's No Place Like) Home for the Holidays - 1959 Version,Perry Como,2024-12-26,2024-12-27,2,45,45,45,0
16 CARRIAGES,Beyoncé,2025-02-14,2025-04-05,10,17,16,49,32
2 hands,Tate McRae,2025-11-17,2025-11-23,7,8,8,38,30
28,Zach Bryan,2025-07-06,2025-10-26,100,12,10,49,37
3001,J. Cole,2025-04-07,2025-04-07,1,32,32,32,0
360,Charli xcx,2025-07-18,2025-08-31,43,47,19,50,3
3D (feat. Jack Harlow),Jung Kook & Jack Harlow,2024-09-30,2024-10-11,12,9,9,50,41
500lbs,Lil Tecca,2024-09-24,2025-04-20,185,17,12,50,33
505,Arctic Monkeys,2025-09-09,2025-10-02,17,49,36,36,-13
57,KAROL G & Feid & DFZM,2025-11-10,2025-11-10,1,47,47,47,0
7 Minute Drill,J. Cole,2025-04-07,2025-04-13,7,3,3,33,30
7969 Santa,Drake,2024-10-07,2024-10-13,7,9,9,23,14
8am in Charlotte,Drake,2024-10-07,2024-10-13,7,13,13,18,5
A Bar Song (Tipsy),Shaboozey,2025-04-14,2025-11-27,226,44,1,32,-12
A Holly Jolly Christmas,Burl Ives,2024-11-20,2024-12-27,37,43,7,7,-36
A Night To Remember,beabadoobee & Laufey,2024-10-21,2024-10-21,1,32,32,32,0
ACHO PR,Bad Bunny,2024-10-14,2024-10-15,2,28,28,28,0
ADIVINO,Myke Towers & Bad Bunny,2025-04-28,2025-07-16,3,36,36,43,7
ALL RED,Playboi Carti,2025-09-15,2025-10-04,20,1,1,39,38
ALLIIGATOR TEARS,Beyoncé,2025-03-31,2025-04-03,4,22,22,48,26
AMERICA HAS A PROBLEM (feat. Kendrick Lamar),Beyoncé,2024-05-26,2024-06-03,6,23,23,47,24
AMERICA HAS A PROBLEM (feat. Kendrick Lamar),Beyoncé & Kendrick Lamar,2024-05-22,2024-05-25,4,40,12,14,-26
AMERIICAN REQUIEM,Beyoncé,2025-03-31,2025-04-05,6,6,6,50,44
AMG,Natanael Cano & Peso Pluma & Gabito Ballesteros,2024-05-18,2024-06-20,34,22,20,44,22
ANTHEM PART 3,blink-182,2024-10-21,2024-10-21,1,40,40,40,0
APT.,ROSÉ & Bruno Mars,2025-10-20,2025-11-27,39,11,1,17,6
ATTITUDE (FEAT. CHARLIE WILSON & CASH COBAIN),Don Toliver,2025-06-18,2025-06-18,1,39,39,39,0
Abracadabra (feat. Travis Scott),Young Thug,2024-06-25,2024-06-25,1,49,49,49,0
Agora Hills,Doja Cat,2024-09-24,2025-03-23,174,10,6,43,33
Ain't No Love,Future & Metro Boomin,2025-03-24,2025-03-24,1,27,27,27,0
Ain't No Love In Oklahoma (From Twisters: The Album),Luke Combs,2025-05-19,2025-10-26,121,29,15,48,19
Ain't No Mountain High Enough,Marvin Gaye & Tammi Terrell,2024-11-24,2024-11-24,1,50,50,50,0
Ain't No Sunshine,Bill Withers,2025-04-10,2025-04-10,1,49,49,49,0
All Alone,Lil Uzi Vert,2024-07-02,2024-07-02,1,22,22,22,0
All I Want for Christmas Is You,Mariah Carey,2024-11-02,2025-11-27,75,31,2,25,-6
All My Life (feat. J. Cole),Lil Durk,2024-05-28,2024-08-25,86,6,3,45,39
All My Life (feat. J. Cole),Lil Durk & J. Cole,2024-05-18,2024-05-27,10,3,3,4,1
All Summer Long,Kid Rock,2024-07-05,2024-07-06,2,28,28,28,0
All The Parties (feat. Chief Keef),Drake,2024-10-07,2024-10-13,7,17,17,40,23
All The Stars (with SZA),Kendrick Lamar & SZA,2025-05-11,2025-05-11,1,46,46,46,0
"All The Way Live (Spider-Man: Across the Spider-Verse) (Metro Boomin & Future, Lil Uzi Vert)",Metro Boomin,2024-06-04,2024-06-09,6,27,27,45,18
All You Had To Do Was Stay (Taylor's Version),Taylor Swift,2024-10-29,2024-11-06,9,11,11,49,38
"Am I Dreaming (Metro Boomin & A$AP Rocky, Roisee)",Metro Boomin,2024-06-04,2024-07-01,28,31,12,41,10
Amen (feat. Teezo Touchdown),Drake,2024-10-07,2024-10-13,7,7,7,33,26
American Girl,Tom Petty and the Heartbreakers,2024-07-05,2025-07-07,4,11,11,46,35
American Kids,Kenny Chesney,2024-07-05,2025-07-06,3,44,43,43,-1
American Nights,Zach Bryan,2025-07-06,2025-07-14,8,13,13,49,36
American Pie,Don McLean,2024-07-05,2025-07-06,3,15,15,44,29
Amped,Lil Uzi Vert,2024-07-02,2024-07-03,2,10,10,37,27
"Annihilate (Spider-Man: Across the Spider-Verse) (Metro Boomin & Swae Lee, Lil Wayne, Offset)",Metro Boomin,2024-06-04,2024-07-01,28,14,5,46,32
Another Late Night (feat. Lil Yachty),Drake,2024-10-07,2024-10-13,7,19,19,37,18
Anti-Hero,Taylor Swift,2024-05-18,2025-02-07,120,20,12,41,21
Antichrist,Eminem,2025-07-14,2025-07-17,4,18,18,48,30
Apple,Charli xcx,2025-07-25,2025-09-10,47,45,15,45,0
Aquí Te Espero,Ivan Cornejo,2024-07-29,2024-07-29,1,37,37,37,0
Are You Gone Already,Nicki Minaj,2024-12-10,2024-12-10,1,18,18,18,0
Area Codes,Kali,2024-05-18,2024-06-29,43,12,12,23,11
Area Codes,Kaliii,2024-06-30,2024-07-16,10,24,24,50,26
As Good As I Once Was,Toby Keith,2025-02-08,2025-02-09,2,16,16,48,32
As It Was,Harry Styles,2024-05-18,2025-01-03,92,32,23,37,5
Attention,Doja Cat,2024-06-18,2024-07-01,14,3,3,38,35
Austin,Dasha,2025-03-15,2025-05-30,64,45,14,27,-18
Austin (Boots Stop Workin'),Dasha,2025-05-31,2025-10-21,134,29,19,45,16
Away From Home,Drake,2024-10-07,2024-10-12,6,23,23,40,17
Aye (feat. Travis Scott),Lil Uzi Vert,2024-07-02,2024-07-04,3,4,4,18,14
BABY NUEVA,Bad Bunny,2024-10-14,2024-10-19,6,13,13,47,34
BACK TO ME,Kanye West & Ty Dolla $ign,2025-02-12,2025-02-15,4,38,3,7,-31
BACK TO ME,¥$ & Kanye West & Ty Dolla $ign,2025-02-16,2025-02-22,7,10,10,45,35
BAND4BAND (feat. Lil Baby),Central Cee & Lil Baby,2025-05-28,2025-06-30,34,44,11,50,6
BANDIT,Don Toliver,2025-06-16,2025-06-23,6,44,30,46,2
BATICANO,Bad Bunny,2024-10-14,2024-10-15,2,27,27,27,0
BBL Love - Interlude,Drake,2024-10-07,2024-10-11,5,24,24,49,25
BEG FORGIVENESS,Kanye West & Ty Dolla $ign,2025-02-13,2025-02-15,3,21,21,31,10
BEG FORGIVENESS,¥$ & Kanye West & Ty Dolla $ign,2025-02-16,2025-02-16,1,39,39,39,0
BELLAKEO,Peso Pluma & Anitta,2024-12-28,2025-01-30,27,48,30,46,-2
BEST INTEREST,"Tyler, The Creator",2025-10-30,2025-11-01,3,44,44,44,0
BIRDS OF A FEATHER,Billie Eilish,2025-05-19,2025-11-27,191,8,2,18,10
BITTERSUITE,Billie Eilish,2025-05-19,2025-05-30,10,19,19,50,31
BLACKBIIRD,Beyoncé,2025-03-31,2025-04-04,5,7,7,38,31
BLUE,Billie Eilish,2025-05-19,2025-06-08,21,17,17,41,24
BODYGUARD,Beyoncé,2025-03-31,2025-04-09,10,8,8,43,35
BROTHER STONE (FEAT. KODAK BLACK),Don Toliver,2025-06-16,2025-06-16,1,46,46,46,0
BURN,Kanye West & Ty Dolla $ign,2025-02-13,2025-02-15,3,6,6,6,0
BURN,¥$ & Kanye West & Ty Dolla $ign,2025-02-16,2025-03-10,22,6,6,48,42
BYE,Peso Pluma,2024-06-25,2024-07-07,9,22,22,48,26
Baby Please,Ivan Cornejo,2025-03-17,2025-03-17,1,46,46,46,0
"Baby, It's Cold Outside",Dean Martin,2024-12-25,2024-12-27,3,44,37,37,-7
Back To December (Taylor's Version),Taylor Swift,2024-07-09,2024-07-19,11,2,2,49,47
Bad Blood (Taylor's Version),Taylor Swift,2024-10-29,2024-11-01,4,17,17,45,28
Bad Blood (feat. Kendrick Lamar) (Taylor's Version),Taylor Swift,2024-10-29,2024-10-31,3,27,27,35,8
Bad Habit,Steve Lacy,2024-05-18,2024-06-24,34,42,35,44,2
Bad One,Eminem,2025-07-14,2025-07-14,1,35,35,35,0
Bahamas Promises,Drake,2024-10-07,2024-10-13,7,10,10,30,20
Balloon (feat. Doechii),"Tyler, The Creator",2025-10-30,2025-11-21,13,13,13,50,37
Bandit,Don Toliver,2025-02-04,2025-05-10,49,9,9,48,39
Barbie Dangerous,Nicki Minaj,2024-12-10,2024-12-10,1,19,19,19,0
Barbie World (with Aqua) [From Barbie The Album],Nicki Minaj & Ice Spice & Aqua,2024-06-25,2024-10-06,104,6,1,47,41
Beautiful Things,Benson Boone,2025-01-21,2025-11-27,306,4,1,41,37
Bed Chem,Sabrina Carpenter,2025-08-24,2025-11-27,96,9,6,50,41
Beep Beep,Nicki Minaj,2024-12-10,2024-12-10,1,43,43,43,0
Beer For My Horses,Toby Keith,2025-02-08,2025-02-08,1,18,18,18,0
Belong Together,Mark Ambor,2025-05-16,2025-05-18,3,49,47,47,-2
Better Days (feat. John Mayer),Zach Bryan,2025-07-06,2025-07-13,7,26,24,40,14
Better Than Revenge (Taylor's Version),Taylor Swift,2024-07-09,2024-07-15,7,5,5,41,36
Big Dawgs,Hanumankind & Kalmi,2025-07-31,2025-10-01,59,42,13,49,7
Big Difference,Nicki Minaj,2024-12-10,2024-12-10,1,49,49,49,0
Big Foot,Nicki Minaj,2025-01-31,2025-02-01,2,10,10,23,13
Blank Space,Taylor Swift,2024-08-10,2024-10-28,21,50,12,22,-28
Blank Space (Taylor's Version),Taylor Swift,2024-10-29,2024-11-08,11,7,7,46,39
Blinding Lights,The Weeknd,2024-11-01,2024-11-01,1,46,46,46,0
Bloody Mary,Lady Gaga,2025-11-02,2025-11-02,1,32,32,32,0
Blue Christmas,Elvis Presley,2024-11-25,2024-12-27,30,34,16,16,-18
Bongos (feat. Megan Thee Stallion),Cardi B & Megan Thee Stallion,2024-09-10,2024-09-18,9,26,26,47,21
Boons,Zach Bryan,2025-07-06,2025-07-06,1,37,37,37,0
Born in the U.S.A.,Bruce Springsteen,2024-07-05,2025-07-07,4,8,8,44,36
Boy's a Liar Pt. 2,PinkPantheress & Ice Spice,2024-05-18,2024-09-05,100,9,9,41,32
Boys Of Faith (feat. Bon Iver),Zach Bryan & Bon Iver,2024-09-24,2024-10-01,8,13,13,47,34
Brand New Dance,Eminem,2025-07-14,2025-07-19,6,10,10,49,39
Breaking News - skit,Eminem,2025-07-14,2025-07-14,1,31,31,31,0
Breathe,Yeat,2025-02-18,2025-03-30,37,20,14,39,19
Brown Eyed Girl,Van Morrison,2025-07-06,2025-07-08,3,29,29,46,17
But Daddy I Love Him,Taylor Swift,2025-04-21,2025-05-23,33,6,5,44,38
Bye,Peso Pluma,2024-06-02,2024-07-01,24,36,21,36,0
Bye Bye Bye - From Deadpool and Wolverine Soundtrack,*NSYNC,2025-07-31,2025-08-16,16,32,24,46,14
CARNIVAL,Kanye West & Ty Dolla $ign,2025-02-12,2025-02-15,4,21,1,1,-20
CARNIVAL,¥$ & Kanye West & Ty Dolla $ign,2025-02-16,2025-05-31,102,1,1,47,46
CHIHIRO,Billie Eilish,2025-05-19,2025-07-25,56,5,5,50,45
CIRCUS MAXIMUS,Travis Scott,2024-07-29,2024-07-31,3,12,12,23,11
CIRCUS MAXIMUS (feat. The Weeknd & Swae Lee),Travis Scott,2024-08-01,2024-08-05,5,23,23,35,12
CS,Lil Uzi Vert,2024-07-02,2024-07-02,1,27,27,27,0
CYBERTRUCK,Bad Bunny,2024-10-14,2024-10-18,5,7,7,29,22
California Sober (Feat. Chris Stapleton),Post Malone,2025-08-17,2025-08-22,6,17,17,49,32
Call Your Friends,Rod Wave,2024-08-19,2024-08-19,1,33,33,33,0
Call Your Mom,Noah Kahan,2024-06-11,2024-06-11,1,35,35,35,0
"Calling (Spider-Man: Across the Spider-Verse) (Metro Boomin & Swae Lee, NAV, feat. A Boogie Wit da Hoodie)",Metro Boomin,2024-06-04,2024-07-08,31,18,4,42,24
Calling For You (feat. 21 Savage),Drake,2024-10-07,2024-10-13,7,4,4,17,13
Calm Down (with Selena Gomez),Rema,2024-05-18,2025-01-03,52,40,35,35,-5
Can’t Catch Me Now - from The Hunger Games: The Ballad of Songbirds & Snakes,Olivia Rodrigo,2024-11-04,2024-11-11,8,23,23,47,24
Can’t Catch Me Now - from The Hunger Games: The Ballad of Songbirds & Snakes,Olivia Rodrigo & Rachel Zegler & Flatland Cavalry,2024-11-18,2025-01-12,35,42,13,48,6
Cars Bring Me Out (feat. Future),Young Thug,2024-06-25,2024-06-25,1,17,17,17,0
Cassandra,Taylor Swift,2025-04-21,2025-04-27,7,32,32,48,16
Castles Crumbling (feat. Hayley Williams) (Taylor’s Version) (From The Vault),Taylor Swift,2024-07-09,2024-07-15,7,11,10,35,24
Casual,Chappell Roan,2025-07-20,2025-10-17,81,48,29,48,0
"Changes In Latitudes, Changes In Attitudes",Jimmy Buffett,2024-09-03,2024-09-03,1,50,50,50,0
Cheeseburger In Paradise,Jimmy Buffett,2024-09-03,2024-09-04,2,30,30,46,16
Chemical,Post Malone,2024-05-18,2024-08-23,26,45,27,50,5
Chicken Fried,Zac Brown Band,2024-07-05,2025-07-06,4,10,10,32,22
Chill Bae,Lil Uzi Vert,2025-11-03,2025-11-03,1,40,40,40,0
Chloe or Sam or Sophia or Marcus,Taylor Swift,2025-04-21,2025-04-28,8,27,27,46,19
Christmas (Baby Please Come Home),Darlene Love,2024-11-25,2024-12-27,31,35,20,20,-15
Christmas (Baby Please Come Home),Mariah Carey,2024-12-25,2024-12-25,1,47,47,47,0
Christmas Time Is Here,Vince Guaraldi Trio,2024-12-12,2024-12-27,12,46,27,27,-19
Christmas Tree Farm,Taylor Swift,2024-12-24,2024-12-25,2,43,40,40,-3
Cinderella,Future & Metro Boomin,2025-03-24,2025-04-20,27,7,7,34,27
Clara Bow,Taylor Swift,2025-04-21,2025-05-03,13,19,19,48,29
Claustrophobic,Future & Metro Boomin,2025-03-24,2025-03-28,4,14,14,41,27
Clean (Taylor's Version),Taylor Swift,2024-10-29,2024-11-05,8,14,14,43,29
Close To You,Gracie Abrams,2025-06-09,2025-06-29,21,34,26,37,3
Clouded,Brent Faiyaz,2024-09-19,2024-10-20,18,50,34,46,-4
Cobra,Megan Thee Stallion,2024-11-04,2024-11-06,3,45,45,45,0
Coincidence,Sabrina Carpenter,2025-08-24,2025-09-16,24,12,12,50,38
Come Monday,Jimmy Buffett,2024-09-03,2024-09-03,1,44,44,44,0
Cool With You,NewJeans,2024-07-23,2024-07-26,4,26,26,50,24
Corazón de Piedra,Xavi,2025-04-05,2025-04-13,8,44,42,49,5
"Courtesy Of The Red, White And Blue (The Angry American)",Toby Keith,2024-07-05,2025-07-08,7,17,10,32,15
Cowgirls (feat. ERNEST),Morgan Wallen,2025-05-06,2025-11-22,184,48,17,50,2
Creepin' (with The Weeknd & 21 Savage),Metro Boomin,2024-05-18,2024-07-22,55,24,24,47,23
Crocodile Tearz,J. Cole,2025-04-07,2025-04-12,6,4,4,43,39
Cruel Summer,Taylor Swift,2024-05-18,2025-08-03,387,16,1,47,31
Cruel Summer - Live from TS | The Eras Tour,Taylor Swift,2024-10-20,2024-10-21,2,10,10,46,36
Crush Em,Lil Uzi Vert,2024-07-02,2024-07-04,3,7,7,47,40
Cry,Benson Boone,2025-04-07,2025-04-13,2,48,46,46,-2
Cupid - Twin Ver.,FIFTY FIFTY,2024-05-18,2024-07-28,71,7,7,37,30
DAUGHTER,Beyoncé,2025-03-31,2025-04-05,6,13,13,46,33
DELRESTO (ECHOES),Travis Scott,2024-07-29,2024-07-31,3,8,8,17,9
DELRESTO (ECHOES) (feat. Beyoncé),Travis Scott,2024-08-01,2024-08-05,5,17,16,21,4
DESERT EAGLE,Beyoncé,2025-03-31,2025-04-01,2,31,31,40,9
DEVIL IS A LIE,Tommy Richman,2025-06-18,2025-08-03,46,47,13,49,2
DJ Got Us Fallin' In Love (feat. Pitbull),USHER,2025-02-13,2025-02-14,2,37,37,39,2
DO IT,Kanye West & Ty Dolla $ign,2025-02-13,2025-02-15,3,11,11,17,6
DO IT,¥$ & Kanye West & Ty Dolla $ign,2025-02-16,2025-02-17,2,22,22,29,7
DOS DÍAS,Tito Double P,2025-10-26,2025-11-14,9,50,45,49,-1
Dance The Night (From Barbie The Album),Dua Lipa,2024-05-28,2024-08-30,48,31,8,23,-8
Dance The Night - From Barbie The Album,Dua Lipa,2024-08-31,2025-01-03,43,21,14,18,-3
Dancing In The Flames,The Weeknd,2025-09-15,2025-09-21,7,10,10,32,22
Danger (Spider) (Offset & JID),Metro Boomin,2024-06-04,2024-06-04,1,49,49,49,0
Dark Red,Steve Lacy,2024-10-02,2025-01-11,27,46,40,48,2
"Darling, I (feat. Teezo Touchdown)","Tyler, The Creator",2025-10-30,2025-11-24,26,4,2,48,44
Dawns (feat. Maggie Rogers),Zach Bryan & Maggie Rogers,2024-09-01,2024-09-08,4,50,49,49,-1
Daylight,David Kushner,2024-05-18,2024-09-14,55,19,17,50,31
Daylight,Drake,2024-10-07,2024-10-13,7,6,6,16,10
Days Come and Go,Lil Uzi Vert,2024-07-02,2024-07-02,1,40,40,40,0
Dead or Alive,Lil Tecca,2024-09-24,2024-09-24,1,47,47,47,0
Dear John (Taylor's Version),Taylor Swift,2024-07-09,2024-07-15,7,6,6,44,38
Deck The Hall,Nat King Cole,2024-12-16,2024-12-27,12,48,22,22,-26
Deck The Halls,Nat King Cole,2024-11-25,2024-12-15,15,39,30,48,9
Deep Satin,Zach Bryan,2024-09-24,2024-09-27,4,22,22,45,23
Deeper Well,Kacey Musgraves,2025-02-11,2025-03-17,2,28,28,48,20
Defying Gravity,Wicked Movie Cast & Cynthia Erivo & Ariana Grande,2025-11-25,2025-11-27,3,46,22,22,-24
Deli,Ice Spice,2024-07-23,2024-08-25,33,38,19,48,10
Demons,Doja Cat,2024-09-03,2024-09-24,8,26,26,49,23
Devil I've Been (Feat. ERNEST),Post Malone,2025-08-17,2025-08-19,3,32,32,42,10
Dial Drunk,Noah Kahan,2024-06-11,2025-02-11,24,3,3,41,38
Dial Drunk (with Post Malone),Noah Kahan & Post Malone,2024-07-20,2024-08-25,35,4,4,47,43
Did It First (with Central Cee),Ice Spice & Central Cee,2025-07-18,2025-08-03,17,44,28,48,4
Die For You,The Weeknd,2024-05-18,2024-09-22,35,34,33,50,16
Die With A Smile,Lady Gaga & Bruno Mars,2025-08-17,2025-11-27,103,13,1,13,0
Died and Came Back,Lil Uzi Vert,2024-07-02,2024-07-02,1,14,14,14,0
Diet Pepsi,Addison Rae,2025-10-03,2025-11-01,29,45,26,48,3
Disco,Surf Curse,2025-09-08,2025-09-25,6,48,37,48,0
Disease,Lady Gaga,2025-10-27,2025-10-29,3,16,16,43,27
Disturbia,Rihanna,2025-11-02,2025-11-02,1,44,44,44,0
Do They Know It's Christmas? - 1984 Version,Band Aid,2024-12-24,2024-12-27,4,47,39,39,-8
Do You Hear What I Hear? - Remastered 2006,Bing Crosby,2024-12-26,2024-12-27,2,48,48,48,0
Doctor (Work It Out) [feat. Miley Cyrus],Pharrell Williams & Miley Cyrus,2025-03-03,2025-03-03,1,45,45,45,0
Don't Understand,Post Malone,2024-07-29,2024-07-29,1,32,32,32,0
Don’t Blame Me,Taylor Swift,2024-08-11,2024-10-28,6,45,45,50,5
Don’t Smile,Sabrina Carpenter,2025-08-24,2025-09-07,15,20,19,48,28
Doomsday (with Juice WRLD & Cordae),Lyrical Lemonade & Juice WRLD & Cordae,2024-06-25,2024-07-01,7,28,28,40,12
Down Bad,Taylor Swift,2025-04-21,2025-06-08,49,2,2,42,40
Dreams - 2004 Remaster,Fleetwood Mac,2024-10-02,2024-10-28,12,44,38,43,-1
Drew A Picasso,Drake,2024-10-07,2024-10-13,7,16,16,42,26
Drugs You Should Try It,Travis Scott,2025-08-24,2025-08-24,1,30,30,30,0
Dumb & Poetic,Sabrina Carpenter,2025-08-24,2025-09-06,14,16,16,45,29
ETA,NewJeans,2024-07-23,2024-07-25,3,30,30,38,8
East Side of Sorrow,Zach Bryan,2024-08-26,2024-09-16,22,3,3,44,41
El Azul,Junior H & Peso Pluma,2024-05-18,2024-07-28,70,26,21,40,14
El Dorado,Zach Bryan,2024-08-26,2024-09-02,8,15,15,40,25
El Gordo Trae El Mando,Chino Pacas,2024-05-18,2024-06-29,32,37,31,46,9
Electric Touch (feat. Fall Out Boy) (Taylor’s Version) (From The Vault),Taylor Swift,2024-07-09,2024-07-15,7,9,9,43,34
Ella Baila Sola,Eslabon Armado,2024-05-18,2025-01-03,170,1,1,46,45
Empire Now,Hozier,2025-03-24,2025-03-24,1,26,26,26,0
Enchanted,Taylor Swift,2024-07-08,2024-07-08,1,35,35,35,0
Enchanted (Taylor's Version),Taylor Swift,2024-07-09,2024-07-19,11,7,5,46,39
End of Beginning,Djo,2025-02-18,2025-08-08,147,43,3,50,7
Endless Fashion (feat. Nicki Minaj),Lil Uzi Vert,2024-07-02,2024-07-08,7,6,6,16,10
Enough (Miami),Cardi B,2025-03-17,2025-03-23,5,40,28,31,-9
Enough Is Enough,Post Malone,2024-07-29,2024-08-05,8,28,28,39,11
Espresso,Sabrina Carpenter,2025-04-14,2025-11-27,226,7,1,34,27
Evergreen,Richy Mitch & The Coal Miners,2025-02-24,2025-09-18,54,48,32,49,1
Everybody (feat. Lil Uzi Vert),Nicki Minaj,2024-12-10,2025-01-13,30,24,23,41,17
Everyday Hustle,Future & Metro Boomin,2025-03-24,2025-03-27,3,24,24,45,21
Evil,Eminem,2025-07-14,2025-07-17,4,15,15,37,22
Evil Ways (feat. J. Cole),Drake,2024-11-18,2024-11-21,4,5,5,45,40
FE!N,Travis Scott,2024-07-29,2024-07-31,3,3,2,2,-1
FE!N (feat. Playboi Carti),Travis Scott,2024-08-01,2025-11-12,231,2,2,48,46
FIELD TRIP,¥$ & Kanye West & Ty Dolla $ign,2025-08-04,2025-08-11,8,19,15,44,25
FINA,Bad Bunny,2024-10-14,2024-10-28,15,2,2,28,26
FLAMENCO,Beyoncé,2025-03-31,2025-04-01,2,27,27,35,8
FRIED,¥$ & Kanye West & Ty Dolla $ign,2025-08-04,2025-08-06,3,45,45,45,0
FTCU,Nicki Minaj,2024-12-10,2025-02-06,54,27,6,31,4
FUK SUMN,Kanye West & Ty Dolla $ign,2025-02-12,2025-02-15,4,50,2,5,-45
FUK SUMN,¥$ & Kanye West & Ty Dolla $ign,2025-02-16,2025-03-02,12,8,8,47,39
Fallin 4 U,Nicki Minaj,2024-12-10,2024-12-10,1,48,48,48,0
Family Matters,Drake,2025-05-06,2025-05-20,15,5,5,49,44
Fare Well,Hozier,2025-03-24,2025-03-24,1,35,35,35,0
Fast Car,Luke Combs,2024-05-18,2025-07-06,183,15,3,49,34
Father Stretch My Hands Pt. 1,Kanye West,2025-01-03,2025-03-08,38,42,24,43,1
Favorite Song,Toosii,2024-05-19,2024-05-20,2,50,50,50,0
Favorite Song (feat. Future) [Toxic Version],Toosii & Future,2024-05-21,2024-05-24,4,40,34,48,8
Fear Of Heights,Drake,2024-10-07,2024-10-13,7,5,5,20,15
Fear and Friday's,Zach Bryan,2024-08-26,2024-09-09,15,8,8,34,26
Fear and Friday's (Poem),Zach Bryan,2024-08-26,2024-08-31,6,9,9,48,39
Feather,Sabrina Carpenter,2024-12-29,2025-07-05,120,49,19,47,-2
Feel It - From The Original Series “Invincible”,d4vd,2025-04-17,2025-04-20,4,46,32,36,-10
Feliz Navidad,José Feliciano,2024-11-24,2024-12-27,34,38,8,8,-30
Femininomenon,Chappell Roan,2025-08-04,2025-08-16,12,50,41,43,-7
Fever,J. Cole,2025-04-07,2025-04-07,1,19,19,19,0
Finer Things (Feat. Hank Williams Jr.),Post Malone,2025-08-17,2025-08-21,5,14,14,34,20
Fire Alarm,Lil Uzi Vert,2024-07-02,2024-07-02,1,28,28,28,0
Firework,Katy Perry,2024-07-05,2025-07-06,3,18,18,24,6
First Person Shooter (feat. J. Cole),Drake,2024-10-07,2025-03-09,137,1,1,50,49
Five Nights at Freddy's,The Living Tombstone,2024-11-01,2024-11-01,1,43,43,43,0
Flooded The Face,Lil Uzi Vert,2024-07-02,2024-07-28,27,2,2,45,43
Florida!!! (feat. Florence + The Machine),Taylor Swift,2025-04-21,2025-05-18,28,8,8,39,31
Flowers,Miley Cyrus,2024-05-18,2025-02-12,76,14,14,46,32
Foolish One (Taylor’s Version) (From The Vault),Taylor Swift,2024-07-09,2024-07-15,7,15,13,37,22
Forever,Noah Kahan,2025-02-11,2025-02-17,7,3,3,27,24
Fortnight (feat. Post Malone),Taylor Swift,2025-04-21,2025-08-23,103,1,1,47,46
Fortunate Son,Creedence Clearwater Revival,2024-07-05,2025-07-08,4,30,30,48,18
Fresh Out The Slammer,Taylor Swift,2025-04-21,2025-05-08,18,15,14,50,35
Fried (She a Vibe),Future & Metro Boomin,2025-03-24,2025-03-28,4,21,21,47,26
From The Start,Laufey,2024-07-20,2024-09-14,24,50,30,49,-1
Fuel,Eminem,2025-07-14,2025-07-21,8,16,16,49,33
GIRLS,The Kid LAROI,2025-07-04,2025-07-05,2,36,36,41,5
GOD'S COUNTRY,Travis Scott,2024-07-29,2024-08-05,8,11,11,27,16
GOOD (DON'T DIE),Kanye West & Ty Dolla $ign,2025-02-13,2025-02-15,3,29,29,43,14
GRACIAS POR NADA,Bad Bunny,2024-10-14,2024-10-16,3,12,12,48,36
GTA,Future & Metro Boomin,2025-03-24,2025-03-24,1,28,28,28,0
Gata Only,FloyyMenor & Cris Mj,2025-04-04,2025-07-30,113,42,13,40,-2
Gata Only (Mashup),Dj Agus Lima,2025-05-09,2025-05-10,2,26,26,26,0
Gently (feat. Bad Bunny),Drake,2024-10-07,2024-10-21,15,11,8,45,34
Get It Sexyy,Sexyy Red,2025-03-29,2025-06-03,56,41,26,38,-3
Ghostbusters,Ray Parker Jr.,2024-11-01,2025-11-03,5,26,1,16,-10
Ghostbusters,Various Artists,2024-11-01,2024-11-01,1,13,13,13,0
Goes Without Saying (Feat. Brad Paisley),Post Malone,2025-08-17,2025-08-21,5,24,24,50,26
Good Graces,Sabrina Carpenter,2025-08-24,2025-10-29,67,6,6,46,40
"Good Luck, Babe!",Chappell Roan,2025-04-07,2025-11-27,232,49,1,26,-23
Gucci Grocery Bag,Young Thug,2024-06-25,2024-06-25,1,36,36,36,0
Guess featuring Billie Eilish,Charli xcx & Billie Eilish,2025-08-04,2025-10-09,66,8,4,43,35
Guess featuring billie eilish,Charli xcx,2025-10-13,2025-10-28,11,21,21,50,29
Guess featuring billie eilish,Charli xcx & Billie Eilish,2025-10-10,2025-10-12,3,42,40,40,-2
Guilty Conscience 2,Eminem,2025-07-14,2025-07-14,1,21,21,21,0
Guilty as Sin?,Taylor Swift,2025-04-21,2025-06-02,39,10,10,49,39
Guy For That (Feat. Luke Combs),Post Malone,2025-08-17,2025-08-27,11,7,7,43,36
Guy For That (Feat. Luke Combs),Post Malone & Luke Combs,2025-07-27,2025-08-16,20,9,9,31,22
H.Y.B. (feat. Bas & Central Cee),J. Cole,2025-04-07,2025-04-10,4,13,13,50,37
HARLEY QUINN,Fuerza Regida,2024-11-04,2025-01-30,58,42,18,48,6
HIBIKI,Bad Bunny,2024-10-14,2024-10-20,7,5,5,40,35
HISS,Megan Thee Stallion,2025-01-28,2025-02-13,17,5,1,50,45
HOODRAT,Kanye West & Ty Dolla $ign,2025-02-13,2025-02-15,3,18,18,35,17
HOT TO GO!,Chappell Roan,2025-06-05,2025-11-27,172,48,7,47,-1
HUMBLE.,Kendrick Lamar,2025-05-09,2025-05-10,2,31,31,42,11
HVN ON EARTH (with Kodak Black),Lil Tecca,2024-09-24,2024-09-24,1,41,41,41,0
HYAENA,Travis Scott,2024-07-29,2024-08-06,9,2,2,27,25
Habits,Eminem,2025-07-14,2025-07-19,6,5,5,38,33
Happy Holiday / The Holiday Season,Andy Williams,2024-12-24,2024-12-27,4,50,38,38,-12
Happy Xmas (War Is Over) - Remastered 2010,John Lennon,2024-12-22,2024-12-27,6,50,32,34,-16
Haunted (Taylor's Version),Taylor Swift,2024-07-09,2024-07-13,5,14,14,41,27
Have The Heart (Feat. Dolly Parton),Post Malone,2025-08-17,2025-08-19,3,21,21,33,12
Have Yourself A Merry Little Christmas - Remastered 1999,Frank Sinatra,2024-12-25,2024-12-27,3,46,42,42,-4
Head Honcho,Eminem,2025-07-14,2025-07-14,1,29,29,29,0
Heading South,Zach Bryan,2024-08-26,2025-11-14,212,47,27,46,-1
Heartless,Kanye West,2024-12-28,2025-03-09,55,49,34,47,-2
Heather,Conan Gray,2024-12-04,2024-12-05,2,42,42,48,6
Heavy Is the Crown,Linkin Park,2025-09-27,2025-09-29,2,45,44,44,-1
Hellcat Kenny (feat. Lil Uzi Vert),Young Thug,2024-06-25,2024-06-25,1,31,31,31,0
Here Comes Santa Claus (Right Down Santa Claus Lane),Elvis Presley,2024-12-25,2024-12-27,3,50,49,49,-1
Here Comes Santa Claus (Right Down Santa Claus Lane) - 1947 Version,Gene Autry,2024-12-24,2024-12-27,4,40,35,35,-5
Hey Daddy (Daddy's Home),USHER,2025-02-14,2025-02-14,1,40,40,40,0
Hey Driver (feat. The War and Treaty),Zach Bryan,2024-08-26,2024-12-29,55,5,3,50,45
Hey Jane,"Tyler, The Creator",2025-10-30,2025-11-08,10,6,6,42,36
Hide My Gun (Feat. HARDY),Post Malone,2025-08-17,2025-08-19,3,35,35,40,5
High Road,Zach Bryan,2025-11-10,2025-11-16,7,10,10,44,34
High Road (feat. Jessie Murph),Koe Wetzel,2025-07-23,2025-07-26,3,50,46,47,-3
High Road (feat. Jessie Murph),Koe Wetzel & Jessie Murph,2025-06-10,2025-07-05,26,40,17,45,5
Hits Different,Taylor Swift,2024-05-28,2024-06-09,12,2,2,34,32
Holly Jolly Christmas,Michael Bublé,2024-11-24,2024-12-27,34,44,15,25,-19
Holy Roller (feat. Sierra Ferrell),Zach Bryan,2024-08-26,2024-09-02,8,13,13,35,22
Home,Good Neighbours,2025-02-02,2025-04-13,52,45,27,41,-4
Houdini,Dua Lipa,2024-11-11,2024-11-23,13,8,8,49,41
Houdini,Eminem,2025-06-02,2025-08-03,62,4,4,42,38
How Did It End?,Taylor Swift,2025-04-21,2025-05-01,10,28,28,44,16
How Do You Like Me Now?!,Toby Keith,2025-02-08,2025-02-08,1,19,19,19,0
How You Get The Girl (Taylor's Version),Taylor Swift,2024-10-29,2024-11-03,6,16,16,50,34
Huntin’ Wabbitz,J. Cole,2025-04-07,2025-04-10,4,9,9,43,34
I Ain't Worried,OneRepublic,2024-07-05,2024-07-07,3,47,43,43,-4
I Can Do It With a Broken Heart,Taylor Swift,2025-04-21,2025-08-23,96,3,3,50,47
I Can Fix Him (No Really I Can),Taylor Swift,2025-04-21,2025-05-05,15,16,16,48,32
I Can See You (Taylor’s Version) (From The Vault),Taylor Swift,2024-07-09,2024-08-22,36,4,1,50,46
I Gotta,Lil Uzi Vert,2024-07-02,2024-07-04,3,9,9,25,16
I Had Some Help (Feat. Morgan Wallen),Post Malone,2025-08-17,2025-11-27,103,1,1,35,34
I Had Some Help (Feat. Morgan Wallen),Post Malone & Morgan Wallen,2025-05-12,2025-08-16,95,1,1,6,5
I Hate It Here,Taylor Swift,2025-04-21,2025-05-01,9,29,29,50,21
I Hope You Find Your Way Home,"Tyler, The Creator",2025-10-30,2025-11-02,4,14,14,42,28
I KNOW ?,Travis Scott,2024-07-29,2025-03-20,220,7,3,46,39
I Killed You,"Tyler, The Creator",2025-10-30,2025-11-08,10,7,7,46,39
I Know Places (Taylor's Version),Taylor Swift,2024-10-29,2024-11-03,6,18,18,44,26
I LUV IT (feat. Playboi Carti),Camila Cabello & Playboi Carti,2025-03-30,2025-04-06,5,31,31,38,7
I Look in People's Windows,Taylor Swift,2025-04-21,2025-04-28,8,31,31,48,17
I Love This Bar,Toby Keith,2025-02-08,2025-02-08,1,44,44,44,0
"I Love You, I'm Sorry",Gracie Abrams,2025-08-08,2025-11-27,104,48,9,30,-18
I Remember Everything (feat. Kacey Musgraves),Zach Bryan,2024-08-26,2025-11-23,445,1,1,40,39
I Saw Mommy Kissing Santa Claus,The Jackson 5,2024-12-25,2024-12-27,3,49,41,41,-8
I Want a Hippopotamus for Christmas (Hippo the Hero),Gayla Peevey,2024-12-25,2024-12-27,3,45,44,44,-1
I Wish You Would (Taylor's Version),Taylor Swift,2024-10-29,2024-11-05,8,13,13,49,36
I might say something stupid featuring the 1975 & jon hopkins,Charli xcx,2025-10-13,2025-10-13,1,47,47,47,0
"I swear, I Really Wanted To Make A ""Rap"" Album But This Is Literally The Way The Wind Blew Me This Time",André 3000,2024-11-18,2024-11-18,1,31,31,31,0
I'm Shipping Up To Boston,Dropkick Murphys,2025-03-19,2025-03-19,1,48,48,48,0
IDGAF (feat. Yeat),Drake,2024-10-07,2025-03-09,149,3,1,40,37
II HANDS II HEAVEN,Beyoncé,2025-03-31,2025-04-01,2,36,36,42,6
II MOST WANTED,Beyoncé,2025-03-31,2025-04-13,14,4,4,45,41
Ice Attack,Future & Metro Boomin,2025-03-24,2025-03-30,6,8,8,35,27
Igual Que Un Ángel (with Peso Pluma),Kali Uchis,2025-01-14,2025-02-18,35,14,6,47,33
In Your Love,Tyler Childers,2024-07-29,2024-08-06,7,40,37,47,7
Innocent (Taylor's Version),Taylor Swift,2024-07-09,2024-07-12,4,21,21,46,25
Is It Over Now? (Taylor's Version) (From The Vault),Taylor Swift,2024-10-29,2025-02-07,89,1,1,50,49
It's Beginning to Look a Lot Like Christmas (with Mitchell Ayres & His Orchestra),Perry Como,2024-11-24,2024-12-27,34,40,15,15,-25
It's Beginning to Look a Lot like Christmas,Michael Bublé,2024-11-20,2024-12-27,37,41,9,13,-28
It's Five O'Clock Somewhere,Alan Jackson,2024-09-03,2024-09-04,2,12,12,36,24
It's Getting Hot,NLE Choppa,2024-08-14,2024-08-15,2,48,48,48,0
It's Up (feat. Young Thug & 21 Savage),Drake,2025-08-11,2025-08-16,5,20,20,48,28
It's ok I'm ok,Tate McRae,2025-09-15,2025-11-17,26,9,9,36,27
It's the Most Wonderful Time of the Year,Andy Williams,2024-11-19,2025-11-26,42,41,4,40,-1
I’m Just Ken (From Barbie The Album),Ryan Gosling,2024-07-26,2024-08-08,8,42,29,50,8
JOLENE,Beyoncé,2025-03-31,2025-04-08,9,3,3,45,42
JUST FOR FUN,Beyoncé,2025-03-31,2025-04-02,3,24,24,44,20
Jake's Piano - Long Island,Zach Bryan,2024-08-26,2024-09-02,8,17,17,42,25
Jennifer’s Body,Ken Carson,2024-10-14,2024-10-15,2,47,47,47,0
Jimmy Cooks (feat. 21 Savage),Drake,2024-05-18,2024-11-17,86,44,34,50,6
Jingle Bell Rock,Bobby Helms,2024-11-12,2025-11-27,54,44,2,29,-15
Jingle Bells - Remastered 1999,Frank Sinatra,2024-11-24,2024-12-27,34,42,17,17,-25
Joy To The World,Nat King Cole,2024-12-24,2024-12-27,4,46,36,36,-10
Judge Judy,"Tyler, The Creator",2025-10-30,2025-11-10,12,8,8,48,40
Juno,Sabrina Carpenter,2025-08-24,2025-11-24,87,14,11,46,32
Just Wanna Rock,Lil Uzi Vert,2024-05-18,2024-07-08,32,39,16,37,-2
K-POP,Travis Scott & Bad Bunny & The Weeknd,2024-07-23,2024-08-24,33,2,2,48,46
KEHLANI,Jordan Adetunji,2025-08-09,2025-08-16,7,44,43,44,0
KEYS TO MY LIFE,Kanye West & Ty Dolla $ign,2025-02-12,2025-02-15,4,32,10,29,-3
KEYS TO MY LIFE,¥$ & Kanye West & Ty Dolla $ign,2025-02-16,2025-02-16,1,47,47,47,0
KING,Kanye West & Ty Dolla $ign,2025-02-13,2025-02-14,2,36,36,47,11
Karma,Taylor Swift,2024-05-18,2024-11-16,95,36,24,50,14
Karma (feat. Ice Spice),Taylor Swift,2024-05-28,2024-06-03,6,1,1,40,39
Kill Bill,SZA,2024-05-18,2025-11-04,247,5,4,45,40
Knee Deep (feat. Jimmy Buffett),Zac Brown Band,2024-09-03,2024-09-04,2,45,45,47,2
LA DURANGO,Peso Pluma & Junior H & Eslabon Armado,2025-05-12,2025-05-12,1,42,42,42,0
LA PATRULLA,Peso Pluma,2025-09-16,2025-10-29,44,48,33,40,-8
LA PEOPLE II,Peso Pluma & Tito Double P & Joel De La P,2025-03-24,2025-03-30,4,42,42,43,1
LADY GAGA,Peso Pluma,2024-06-25,2024-11-24,150,7,7,49,42
LALA,Myke Towers,2024-07-16,2024-09-11,49,38,29,48,10
LEVII'S JEANS,Beyoncé,2025-03-31,2025-04-08,9,10,10,42,32
LIL DEMON,Future,2025-09-22,2025-09-26,3,13,13,50,37
LOOOVE,Travis Scott,2024-07-29,2024-07-31,3,19,19,28,9
LOOOVE (feat. Kid Cudi),Travis Scott,2024-08-01,2024-08-05,5,28,28,47,19
LOS PITS,Bad Bunny,2024-10-14,2024-10-15,2,19,19,19,0
LOST FOREVER,Travis Scott,2024-07-29,2024-07-31,3,16,16,27,11
LOST FOREVER (feat. Westside Gunn),Travis Scott,2024-08-01,2024-08-04,4,27,27,43,16
LUNA,Peso Pluma,2024-06-25,2024-07-08,14,8,8,40,32
LUNCH,Billie Eilish,2025-05-19,2025-08-23,89,4,4,48,44
La Bebe - Remix,Yng Lvcas & Peso Pluma,2024-05-18,2024-09-18,113,8,6,50,42
La Diabla,Xavi,2024-12-28,2025-04-18,103,19,5,49,30
La Víctima,Xavi,2024-12-28,2025-03-23,73,24,14,48,24
Lace It (with Eminem & benny blanco),Juice WRLD & Eminem & benny blanco,2024-12-20,2024-12-31,5,41,32,43,2
Last Christmas - Single Version,Wham!,2024-11-12,2025-11-27,63,50,4,31,-19
Last Kiss (Taylor's Version),Taylor Swift,2024-07-09,2024-07-13,5,18,18,49,31
Last Night,Morgan Wallen,2024-05-18,2025-10-22,491,2,1,40,38
Last Time I Saw You,Nicki Minaj,2024-09-03,2024-09-06,3,34,34,49,15
Lavender Haze,Taylor Swift,2024-05-18,2024-06-01,6,49,23,47,-2
Let It Snow! Let It Snow! Let It Snow!,Dean Martin,2024-11-20,2025-11-26,42,39,6,38,-1
Let It Snow! Let It Snow! Let It Snow! (with The B. Swanson Quartet),Frank Sinatra,2024-11-25,2024-12-27,23,40,23,26,-14
Let Me Calm Down (feat. J. Cole),Nicki Minaj,2024-12-10,2024-12-10,1,42,42,42,0
Lie To Girls,Sabrina Carpenter,2025-08-24,2025-09-01,9,19,19,40,21
Lies Lies Lies,Morgan Wallen,2025-07-07,2025-10-23,106,9,8,45,36
Light Year (Practice),Lil Uzi Vert,2025-11-03,2025-11-04,2,8,8,50,42
Like Crazy,Jimin,2025-06-10,2025-06-11,2,48,48,48,0
Like Him (feat. Lola Young),"Tyler, The Creator",2025-10-30,2025-11-27,29,12,5,19,7
Like That,Future & Metro Boomin,2025-03-24,2025-09-20,169,1,1,50,49
Lil Boo Thang,Paul Russell,2025-01-03,2025-01-03,1,36,36,36,0
Lithonia,Childish Gambino,2025-07-04,2025-07-28,7,50,28,44,-6
Little Saint Nick - 1991 Remix,The Beach Boys,2024-11-25,2024-12-27,22,44,18,18,-26
Lonely Road (with Jelly Roll),mgk & Jelly Roll,2025-07-27,2025-07-28,2,49,49,49,0
Long Live (Taylor's Version),Taylor Swift,2024-07-09,2024-07-13,5,20,20,37,17
Lose Control,Teddy Swims,2024-12-28,2025-11-27,328,47,5,38,-9
Losers (Feat. Jelly Roll),Post Malone,2025-08-17,2025-08-22,6,20,20,48,28
Love Somebody,Morgan Wallen,2025-10-20,2025-11-27,39,1,1,46,45
Love in This Club (feat. Young Jeezy),USHER,2025-02-14,2025-02-14,1,42,42,42,0
Lover,Taylor Swift,2024-10-22,2025-02-16,2,50,30,30,-20
Lovers Rock,TV Girl,2024-10-04,2025-09-25,66,50,35,50,0
Lovin On Me,Jack Harlow,2024-11-11,2025-04-20,156,4,1,41,37
Lucifer,Eminem,2025-07-14,2025-07-17,4,17,17,41,24
Lucky Enough (Poem),Zach Bryan,2025-07-06,2025-07-06,1,31,31,31,0
Lyft Em Up,Lil Uzi Vert,2025-11-03,2025-11-03,1,49,49,49,0
L’AMOUR DE MA VIE,Billie Eilish,2025-05-19,2025-06-13,26,12,12,45,33
M-E-X-I-C-O (Feat. Billy Strings),Post Malone,2025-08-17,2025-08-17,1,49,49,49,0
MATHEMATICAL DISRESPECT,Lil Mabu,2024-05-18,2024-06-03,14,10,10,50,40
MELTDOWN,Travis Scott,2024-07-29,2024-07-31,3,1,1,1,0
MELTDOWN (feat. Drake),Travis Scott,2024-08-01,2024-10-28,86,1,1,45,44
MERCEDES CAROTA,Bad Bunny,2024-10-14,2024-10-15,2,17,17,17,0
MI EX TENÍA RAZÓN,KAROL G,2024-08-13,2024-08-27,15,13,13,50,37
MILLION DOLLAR BABY,Tommy Richman,2025-04-28,2025-11-23,206,31,1,44,13
MILLION DOLLAR BABY (VHS),Tommy Richman,2025-04-29,2025-05-12,14,45,30,45,0
MODERN JAM,Travis Scott,2024-07-29,2024-07-31,3,5,5,15,10
MODERN JAM (feat. Teezo Touchdown),Travis Scott,2024-08-01,2024-08-06,6,15,15,36,21
MOJABI GHOST,Tainy,2024-07-02,2024-07-15,8,30,23,50,20
MONACO,Bad Bunny,2024-10-14,2025-01-07,66,1,1,46,45
MR. OCTOBER,Bad Bunny,2024-10-14,2024-10-20,7,6,6,48,42
MY EYES,Travis Scott,2024-07-29,2025-03-09,27,6,6,46,40
MY HOUSE,Beyoncé,2024-12-02,2024-12-09,2,40,40,47,7
MY ROSE,Beyoncé,2025-03-31,2025-04-02,3,20,20,42,22
Ma Meilleure Ennemie (from the series Arcane League of Legends),Stromae & Pomme & Arcane,2025-11-27,2025-11-27,1,36,36,36,0
Magic Don Juan (Princess Diana),Future & Metro Boomin,2025-03-24,2025-03-28,4,15,15,42,27
Magnetic,ILLIT,2025-04-04,2025-04-20,12,47,35,48,1
"Mama, I’m Sorry",Lil Uzi Vert,2024-07-02,2024-07-03,2,18,18,41,23
Mamaw's House,Thomas Rhett,2024-09-30,2024-10-01,2,13,13,13,0
Mamushi (feat. Yuki Chiba),Megan Thee Stallion,2025-07-05,2025-08-12,36,43,25,50,7
Margaritaville,Jimmy Buffett,2024-09-03,2024-09-05,3,6,6,28,22
Mean (Taylor's Version),Taylor Swift,2024-07-09,2024-07-14,6,10,10,46,36
Mechanical Bull,Zach Bryan,2025-07-06,2025-07-07,2,15,15,43,28
Mele Kalikimaka (Merry Christmas),Bing Crosby,2024-11-25,2024-12-27,18,48,23,23,-25
Members Only (feat. PARTYNEXTDOOR),Drake,2024-10-07,2024-10-13,7,18,18,43,25
Memphis; The Blues (feat. John Moreland),Zach Bryan,2025-07-06,2025-07-06,1,46,46,46,0
Meteor Man,Lil Uzi Vert,2025-11-03,2025-11-03,1,20,20,20,0
Mine (Taylor's Version),Taylor Swift,2024-07-09,2024-07-16,8,1,1,47,46
Missin’ You Like This (Feat. Luke Combs),Post Malone,2025-08-17,2025-08-19,3,33,33,44,11
Mistletoe,Justin Bieber,2024-11-25,2024-12-27,29,46,29,31,-15
Mistletoe And Holly - Remastered 1999,Frank Sinatra,2024-12-26,2024-12-27,2,50,50,50,0
Mmhmm,BigXthaPlug,2025-03-18,2025-11-08,58,41,31,50,9
Money On The Dresser,Young Thug,2024-06-25,2024-06-25,1,23,23,23,0
Money Trees,Kendrick Lamar,2024-05-18,2024-12-01,41,41,35,48,7
Monster Mash,"Bobby ""Boris"" Pickett & The Crypt-Kickers",2024-10-29,2025-11-03,8,44,2,18,-26
Moonlight,Kali Uchis,2024-05-18,2024-10-06,105,30,30,46,16
Mourning,Post Malone,2024-05-21,2024-08-01,11,9,9,47,38
Mr Chow,Lil Uzi Vert,2025-11-03,2025-11-03,1,39,39,39,0
Mr. Brightside,The Killers,2025-01-01,2025-01-03,3,39,21,21,-18
Murder On The Dancefloor,Sophie Ellis-Bextor,2025-01-07,2025-02-06,31,47,20,36,-11
My Boo,USHER,2025-02-14,2025-02-16,3,20,20,37,17
My Boy Only Breaks His Favorite Toys,Taylor Swift,2025-04-21,2025-05-19,29,7,7,48,41
My Love Mine All Mine,Mitski,2024-09-20,2025-11-20,223,50,2,49,-1
NADIE SABE,Bad Bunny,2024-10-14,2024-10-18,5,3,3,37,34
NEL,Fuerza Regida,2025-10-02,2025-10-26,10,48,31,43,-5
NEW DROP,Don Toliver,2025-10-25,2025-11-09,4,49,46,48,-1
NIGHTS LIKE THIS,The Kid LAROI,2025-06-28,2025-11-27,147,48,20,37,-11
NO ME QUIERO CASAR,Bad Bunny,2024-10-14,2024-10-15,2,25,25,25,0
Nakamura,Lil Uzi Vert,2024-07-02,2024-07-03,2,16,16,35,19
Needle (feat. Drake),Nicki Minaj,2024-12-10,2024-12-16,7,10,10,34,24
Neva Play (feat. RM of BTS),Megan Thee Stallion & RM,2025-09-08,2025-09-14,6,38,38,47,9
Never Grow Up (Taylor's Version),Taylor Swift,2024-07-09,2024-07-12,4,17,17,37,20
Never Lose Me,Flo Milli,2025-01-08,2025-04-06,75,46,5,41,-5
Never Love You Again (Feat. Sierra Ferrell),Post Malone,2025-08-17,2025-08-19,3,39,39,50,11
New Jeans,NewJeans,2024-07-23,2024-07-25,3,31,31,42,11
New Romantics,Taylor Swift,2024-08-12,2024-08-12,1,31,31,31,0
New Romantics (Taylor's Version),Taylor Swift,2024-10-29,2024-11-06,9,12,12,44,32
New Year’s Day,Taylor Swift,2025-01-03,2025-01-03,1,39,39,39,0
Night Changes,One Direction,2025-10-19,2025-10-28,10,16,16,48,32
Nine Ball,Zach Bryan,2024-09-24,2024-09-26,3,36,36,47,11
No Complaints,Noah Kahan,2024-06-11,2024-06-11,1,24,24,24,0
No Face,Drake,2025-09-02,2025-09-04,3,37,37,46,9
No One Noticed,The Marías,2025-10-02,2025-11-27,52,50,17,43,-7
No One Noticed (Extended English),The Marías,2025-11-17,2025-11-18,2,30,30,45,15
No Pole,Don Toliver,2025-11-13,2025-11-23,7,50,44,50,0
No Role Modelz,J. Cole,2024-05-18,2025-04-12,271,23,19,50,27
Noid,"Tyler, The Creator",2025-10-23,2025-11-20,26,6,3,50,44
Nonsense,Sabrina Carpenter,2025-06-19,2025-06-27,3,49,45,50,1
Northern Attitude (with Hozier),Noah Kahan & Hozier,2024-11-11,2024-11-18,8,2,2,44,42
Nosedive (Feat. Lainey Wilson),Post Malone,2025-08-17,2025-08-21,5,25,25,42,17
Not Allowed,TV Girl,2024-12-28,2025-01-27,25,39,38,50,11
Not An Option,Lil Uzi Vert,2025-11-03,2025-11-03,1,37,37,37,0
Not Like Us,Kendrick Lamar,2025-05-07,2025-11-27,201,1,1,42,41
Novacandy,Post Malone,2024-07-29,2024-07-29,1,36,36,36,0
Now And Then,The Beatles,2024-11-04,2024-11-07,4,24,24,49,25
Now That We Don't Talk (Taylor's Version) (From The Vault),Taylor Swift,2024-10-29,2024-12-01,34,2,2,43,41
OCEAN,Future,2025-09-22,2025-09-22,1,36,36,36,0
OH LOUISIANA,Beyoncé,2025-03-31,2025-04-01,2,32,32,45,13
ONE CALL,Rich Amiri,2025-01-31,2025-05-11,80,39,13,45,6
Oak Island,Zach Bryan,2025-07-06,2025-07-10,5,18,18,39,21
Of Course (Bonus Track),Lil Uzi Vert,2024-07-02,2024-07-02,1,45,45,45,0
Oh U Went (feat. Drake),Young Thug,2024-06-25,2024-07-08,8,3,3,49,46
Oklahoman Son,Zach Bryan,2024-08-26,2024-08-31,6,22,22,47,25
On The Radar Freestyle,Drake & Central Cee,2024-07-29,2024-07-29,1,46,46,46,0
"One Of The Girls (with JENNIE, Lily Rose Depp)",The Weeknd,2025-02-11,2025-03-29,40,20,20,49,29
"One Of The Girls (with JENNIE, Lily Rose Depp)",The Weeknd & JENNIE & Lily-Rose Depp,2024-12-28,2025-04-20,53,42,15,44,2
One Of Your Girls,Troye Sivan,2024-10-19,2024-10-28,10,45,24,38,-7
One Thing At A Time,Morgan Wallen,2024-05-18,2024-05-31,10,47,38,38,-9
Or What,NLE Choppa,2025-10-08,2025-10-20,13,46,35,50,4
Ours (Taylor’s Version),Taylor Swift,2024-07-09,2024-07-12,4,22,22,42,20
Out Of My Hands,Future & Metro Boomin,2025-04-14,2025-04-15,2,49,49,49,0
Out Of The Woods,Taylor Swift,2024-08-12,2024-08-12,1,41,41,41,0
Out Of The Woods (Taylor's Version),Taylor Swift,2024-10-29,2024-11-08,11,8,7,48,40
Overcompensate,Twenty One Pilots,2025-03-03,2025-03-03,1,48,48,48,0
Overdrive,Post Malone,2024-07-16,2024-07-30,9,16,16,40,24
Overtime,Zach Bryan,2024-08-26,2024-09-09,12,2,2,47,45
PAID,Kanye West & Ty Dolla $ign,2025-02-12,2025-02-15,4,42,9,20,-22
PAID,¥$ & Kanye West & Ty Dolla $ign,2025-02-16,2025-02-17,2,31,31,47,16
PAPERWORK,Kanye West & Ty Dolla $ign,2025-02-13,2025-02-15,3,16,16,30,14
PAPERWORK,¥$ & Kanye West & Ty Dolla $ign,2025-02-16,2025-02-16,1,41,41,41,0
PARASAIL,Travis Scott,2024-07-29,2024-07-31,3,17,17,32,15
PARASAIL (feat. Yung Lean & Dave Chappelle),Travis Scott,2024-08-01,2024-08-03,3,32,32,49,17
PERRO NEGRO,Bad Bunny,2024-10-14,2025-01-03,36,14,11,49,35
PLUTOSKI,Future,2025-09-22,2025-09-22,1,23,23,23,0
PRC,Peso Pluma,2024-07-03,2024-07-03,1,45,45,45,0
PRC,Peso Pluma & Natanael Cano,2024-05-18,2024-07-01,44,13,12,39,26
PRESS THE BUTTON,Future,2025-09-22,2025-09-22,1,50,50,50,0
PROBLEMATIC,Kanye West & Ty Dolla $ign,2025-02-13,2025-02-15,3,27,27,36,9
PROMOTION,¥$ & Kanye West & Ty Dolla $ign,2025-08-04,2025-08-04,1,48,48,48,0
PROTECTOR,Beyoncé,2025-03-31,2025-04-03,4,14,14,44,30
Paars In The Mars,Lil Uzi Vert,2025-11-03,2025-11-03,1,36,36,36,0
Paint The Town Red,Doja Cat,2024-08-06,2025-03-05,197,8,1,46,38
Parade on Cleveland (feat. Drake),Young Thug,2024-06-25,2024-06-25,1,4,4,4,0
Parking Lot,Mustard & Travis Scott,2025-06-22,2025-06-30,7,34,29,40,6
Party In The U.S.A.,Miley Cyrus,2024-07-05,2025-07-08,7,4,4,25,21
Patience (feat. Don Toliver),Lil Uzi Vert,2024-07-02,2024-07-03,2,23,23,50,27
Paul Revere,Noah Kahan,2024-06-11,2024-06-11,1,36,36,36,0
Pelle Coat,Lil Durk,2024-05-28,2024-05-28,1,41,41,41,0
"Peso Pluma: Bzrp Music Sessions, Vol. 55",Bizarrap & Peso Pluma,2024-06-03,2024-07-24,46,11,3,47,36
Peter,Taylor Swift,2025-04-21,2025-04-27,7,33,33,47,14
Pi (feat. Daylyt & Ab-Soul),J. Cole,2025-04-07,2025-04-07,1,25,25,25,0
Pink + White,Frank Ocean,2024-08-24,2025-11-23,216,49,23,49,0
Pink Pony Club,Chappell Roan,2025-06-24,2025-11-23,148,47,12,42,-5
Pink Skies,Zach Bryan,2025-05-26,2025-11-22,177,9,7,49,40
Please Come Home for Christmas - 2013 Remaster,Eagles,2024-12-12,2024-12-27,12,48,24,24,-24
Please Please Please,Sabrina Carpenter,2025-06-09,2025-11-27,170,4,1,39,35
Pluto to Mars,Lil Uzi Vert,2024-07-02,2024-07-04,3,19,19,35,16
Polar Opposites,Drake,2024-10-07,2024-10-11,5,26,26,43,17
Popular,Wicked Movie Cast & Cynthia Erivo & Ariana Grande,2025-11-27,2025-11-27,1,44,44,44,0
Popular (with Playboi Carti & Madonna),The Weeknd,2025-02-11,2025-03-05,17,30,28,47,17
Popular (with Playboi Carti & Madonna),The Weeknd & Playboi Carti & Madonna,2024-06-04,2024-06-09,6,3,3,26,23
Popular (with Playboi Carti & Madonna) - From The Idol Vol. 1 (Music from the HBO Original Series),The Weeknd & Madonna,2025-01-24,2025-02-10,18,21,15,29,8
Popular (with Playboi Carti & Madonna) - Music from the HBO Original Series,The Weeknd & Madonna,2024-12-28,2025-01-23,27,46,21,23,-23
Popular (with Playboi Carti & Madonna) - The Idol Vol. 1 (Music from the HBO Original Series),The Weeknd & Playboi Carti & Madonna,2024-06-10,2024-06-12,3,23,23,37,14
Por las Noches,Peso Pluma,2024-05-18,2024-07-18,41,21,20,49,28
Pour Me A Drink (Feat. Blake Shelton),Post Malone,2025-08-17,2025-08-23,7,15,15,35,20
Pour Me A Drink (Feat. Blake Shelton),Post Malone & Blake Shelton,2025-06-22,2025-07-20,28,9,9,40,31
Praise Jah In The Moonlight,YG Marley,2025-02-05,2025-03-26,41,38,21,50,12
"Pricey (feat. Ari Lennox, Young Dro & Gucci Mane)",J. Cole,2025-04-07,2025-04-09,3,7,7,42,35
Princess Diana (with Nicki Minaj),Ice Spice & Nicki Minaj,2024-05-19,2024-05-20,2,49,49,49,0
Psycho Killer - 2005 Remaster,Talking Heads,2025-11-02,2025-11-02,1,46,46,46,0
Purple Gas,Zach Bryan,2025-07-06,2025-07-07,2,34,34,48,14
Push Ups,Drake,2025-04-21,2025-05-18,28,12,11,49,37
QLONA,KAROL G,2024-08-13,2025-01-02,85,21,14,50,29
Que Onda,Calle 24 & Chino Pacas & Fuerza Regida,2024-10-22,2025-02-02,56,44,36,46,2
Qué Pasaría...,Rauw Alejandro,2025-11-17,2025-11-25,9,14,14,48,34
READY TO COOK UP,Future,2025-09-22,2025-09-22,1,26,26,26,0
RELOJ,Peso Pluma,2025-06-22,2025-06-23,2,47,47,47,0
RIIVERDANCE,Beyoncé,2025-03-31,2025-04-03,4,28,28,46,18
ROSA PASTEL,Peso Pluma,2024-06-25,2024-06-25,1,48,48,48,0
Rah Tah Tah,"Tyler, The Creator",2025-10-30,2025-11-23,25,2,2,41,39
Ready ‘24 (feat. Cam’ron),J. Cole,2025-04-07,2025-04-08,2,11,11,34,23
Red Button,Drake,2024-11-18,2024-11-19,2,6,6,34,28
Red Leather,Future & Metro Boomin,2025-04-14,2025-04-15,2,40,40,40,0
Red Wine Supernova,Chappell Roan,2025-04-16,2025-10-29,149,49,14,48,-1
Rehab,Lil Uzi Vert,2024-07-02,2024-07-02,1,48,48,48,0
Religiously,Bailey Zimmerman,2024-07-19,2024-10-01,67,50,21,34,-16
Renaissance,Eminem,2025-07-14,2025-07-20,7,2,2,47,45
Rich Baby Daddy (feat. Sexyy Red & SZA),Drake,2024-10-07,2025-03-30,140,14,10,49,35
Rich Flex,Drake & 21 Savage,2024-05-18,2024-06-12,18,38,38,49,11
Rich Girl,Daryl Hall & John Oates,2025-07-06,2025-07-07,2,30,30,40,10
Rich Men North of Richmond,Oliver Anthony Music,2024-08-14,2024-10-06,54,9,1,37,28
Road Rage,Eminem,2025-07-14,2025-07-14,1,23,23,23,0
Robin,Taylor Swift,2025-04-21,2025-04-24,4,37,37,48,11
Rockin' Around The Christmas Tree,Brenda Lee,2024-11-13,2025-11-27,61,23,1,24,1
Romantic Homicide,d4vd,2024-05-18,2025-03-08,22,46,43,50,4
Rompe La Dompe,Peso Pluma & Junior H & Oscar Maydon,2024-12-30,2024-12-30,1,32,32,32,0
Rudolph The Red-Nosed Reindeer,Burl Ives,2024-12-17,2024-12-27,8,49,29,29,-20
Run Rudolph Run,Chuck Berry,2024-11-25,2024-12-27,20,45,21,21,-24
Runnin Outta Time,Future & Metro Boomin,2025-03-24,2025-03-27,3,17,17,42,25
Rush,Troye Sivan,2024-07-16,2024-07-28,10,40,38,46,6
S91,KAROL G,2024-08-13,2024-08-13,1,23,23,23,0
SABOR FRESA,Fuerza Regida,2024-06-25,2024-08-24,47,10,10,45,35
SAY MY GRACE (feat. Travis Scott),Offset,2024-10-14,2024-10-19,6,29,25,49,20
SEDA,Bad Bunny,2024-10-14,2024-10-18,5,8,8,40,32
SIRENS,Travis Scott,2024-07-29,2024-08-06,9,9,9,46,37
SKI,Future,2025-09-22,2025-09-23,2,14,14,44,30
SKINNY,Billie Eilish,2025-05-19,2025-06-01,14,9,9,41,32
SKITZO,Travis Scott,2024-07-29,2024-07-31,3,14,14,21,7
SKITZO (feat. Young Thug),Travis Scott,2024-08-01,2024-08-05,5,21,20,29,8
SLIDE,¥$ & Kanye West & Ty Dolla $ign,2025-08-04,2025-08-06,3,28,28,46,18
SLUT ME OUT,NLE Choppa,2024-05-18,2024-06-22,33,18,17,47,29
SMOKE HOUR ★ WILLIE NELSON,Beyoncé,2025-03-31,2025-04-02,3,17,17,43,26
SPAGHETTII,Beyoncé,2025-03-31,2025-04-05,6,15,15,47,32
STARS,Kanye West & Ty Dolla $ign,2025-02-12,2025-02-15,4,17,4,13,-4
STARS,¥$ & Kanye West & Ty Dolla $ign,2025-02-16,2025-02-17,2,21,21,25,4
SWEET ★ HONEY ★ BUCKIIN',Beyoncé,2025-03-31,2025-04-01,2,37,37,46,9
Sailor Song,Gigi Perez,2025-08-22,2025-11-27,94,50,3,14,-36
Santa Baby (with Henri René & His Orchestra),Eartha Kitt,2024-11-25,2024-12-27,23,50,18,19,-31
"Santa Claus Is Comin' to Town - Live at C.W. Post College, Greenvale, NY - December 1975",Bruce Springsteen,2024-12-23,2024-12-27,5,48,31,32,-16
Santa Claus Is Coming To Town,The Jackson 5,2024-12-19,2024-12-27,5,50,33,33,-17
Santa Tell Me,Ariana Grande,2024-11-23,2025-11-26,37,43,7,42,-1
Santa Tell Me - Naughty Version,Ariana Grande,2024-12-13,2024-12-14,2,10,9,9,-1
"Santa, Can’t You Hear Me",Kelly Clarkson,2024-12-24,2024-12-27,4,45,42,47,2
Sarah's Place (feat. Noah Kahan),Zach Bryan & Noah Kahan,2024-09-24,2024-10-06,13,4,4,41,37
Saturn,SZA,2025-02-25,2025-06-28,118,3,3,49,46
Saturn Returns Interlude,Ariana Grande,2025-03-10,2025-03-15,5,19,19,47,28
Say Don't Go (Taylor's Version) (From The Vault),Taylor Swift,2024-10-29,2024-11-21,23,4,4,49,45
Say Yes To Heaven,Lana Del Rey,2024-05-21,2024-06-08,15,10,10,45,35
Scared To Start,Michael Marcagi,2025-03-03,2025-09-07,127,43,13,49,6
Screw The World - Interlude,Drake,2024-10-07,2024-10-08,2,21,21,28,7
Search & Rescue,Drake,2024-05-18,2024-09-09,84,11,11,44,33
See You Again (feat. Kali Uchis),"Tyler, The Creator",2024-05-18,2025-11-26,443,6,4,31,25
Seen it All,Future & Metro Boomin,2025-03-24,2025-03-24,1,39,39,39,0
Self Love (Spider-Man: Across the Spider-Verse) (Metro Boomin & Coi Leray),Metro Boomin,2024-06-06,2024-06-30,25,40,17,47,7
Selfish,Justin Timberlake,2025-01-28,2025-01-29,2,44,44,44,0
September,"Earth, Wind & Fire & sped up + slowed",2024-09-23,2025-09-24,3,12,12,21,9
Seven (feat. Latto) (Explicit Ver.),Jung Kook,2024-11-04,2024-11-09,6,21,21,43,22
Seven (feat. Latto) (Explicit Ver.),Jung Kook & Latto,2024-07-16,2024-10-06,81,1,1,33,32
Seven (feat. Latto) (Explicit Ver.),Jung Kook & Latto & BTS,2024-07-17,2024-07-18,2,4,4,4,0
Shake It Off,Taylor Swift,2024-08-12,2024-08-12,1,34,34,34,0
Shake It Off (Taylor's Version),Taylor Swift,2024-10-29,2024-11-03,6,15,15,47,32
Sharpest Tool,Sabrina Carpenter,2025-08-24,2025-09-15,23,8,8,49,41
She Calls Me Back (with Kacey Musgraves),Noah Kahan & Kacey Musgraves,2024-10-07,2024-10-07,1,46,46,46,0
She Stank,Lil Uzi Vert,2025-11-03,2025-11-03,1,50,50,50,0
Should've Been A Cowboy,Toby Keith,2025-02-08,2025-02-12,5,5,5,33,28
Shut up My Moms Calling,Hotel Ugly,2024-09-18,2025-11-15,45,48,41,50,2
Si Antes Te Hubiera Conocido,KAROL G,2025-07-15,2025-09-21,51,47,36,47,0
Si No Quieres No,Luis R Conriquez & Neton Vega,2025-06-03,2025-06-03,1,50,50,50,0
Sign Me Up,Post Malone,2024-07-29,2024-07-29,1,44,44,44,0
Single Soon,Selena Gomez,2024-08-26,2024-09-06,10,21,21,42,21
Skin and Bones,David Kushner,2025-01-21,2025-01-21,1,37,37,37,0
Sleigh Ride,The Ronettes,2024-11-24,2024-12-27,34,36,9,9,-27
Slim Pickins,Sabrina Carpenter,2025-08-24,2025-09-08,16,13,13,46,33
Slime You Out (feat. SZA),Drake,2024-10-08,2024-10-28,21,5,4,37,32
Slime You Out (feat. SZA),Drake & SZA,2024-09-17,2024-10-07,21,1,1,8,7
Slimed In,Future & Metro Boomin,2025-03-24,2025-03-29,5,13,13,43,30
Slow It Down,Benson Boone,2025-03-24,2025-11-18,197,34,19,50,16
Smaller Acts,Zach Bryan,2024-08-26,2024-09-08,11,19,19,50,31
Smeraldo Garden Marching Band (feat. Loco),Jimin & Loco,2025-06-30,2025-07-17,14,49,24,49,0
Snooze,SZA,2024-05-18,2025-06-21,281,43,9,46,3
Snooze (Acoustic) (feat. Justin Bieber),SZA & Justin Bieber,2024-09-17,2024-09-17,1,36,36,36,0
Snow On The Beach (feat. More Lana Del Rey),Taylor Swift,2024-05-28,2024-05-30,3,4,4,37,33
Snowman,Sia,2024-12-23,2024-12-27,5,50,38,43,-7
So High School,Taylor Swift,2025-04-21,2025-05-16,18,21,21,50,29
"So Long, London",Taylor Swift,2025-04-21,2025-05-25,35,4,4,48,44
Somebody Save Me,Eminem,2025-07-14,2025-07-24,10,24,24,49,25
Somebody's Watching Me - Single Version,Rockwell,2024-11-01,2025-11-03,3,9,7,42,33
Something Real,Post Malone,2024-07-29,2024-08-01,4,29,29,46,17
Something in the Orange,Zach Bryan,2024-05-18,2025-11-23,535,29,9,39,10
Sparks Fly (Taylor’s Version),Taylor Swift,2024-07-09,2024-07-15,7,3,3,36,33
Speak Now (Taylor's Version),Taylor Swift,2024-07-09,2024-07-15,7,8,8,48,40
Speed Drive (From Barbie The Album),Charli XCX,2024-07-25,2024-08-23,30,44,23,49,5
Spin Again,Lil Uzi Vert,2024-07-02,2024-07-03,2,13,13,38,25
Spin You Around (1/24),Morgan Wallen,2025-01-28,2025-02-06,10,23,23,50,27
"Spooky, Scary Skeletons - Undead Tombstone Remix",Andrew Gold,2024-11-01,2025-11-02,2,24,11,11,-13
Spotless (feat. The Lumineers),Zach Bryan,2024-08-26,2024-09-22,28,6,6,47,41
St. Chroma (feat. Daniel Caesar),"Tyler, The Creator",2025-10-30,2025-11-27,29,1,1,28,27
Stand By Me (feat. Morgan Wallen),Lil Durk,2024-05-28,2024-07-01,31,20,3,50,30
Standing Next to You,Jung Kook,2024-11-04,2024-11-17,14,17,17,36,19
Stargazing,Myles Smith,2025-05-24,2025-08-16,76,44,23,50,6
Stealth Mode (feat. Bas),J. Cole,2025-04-07,2025-04-07,1,33,33,33,0
Stick Season,Noah Kahan,2024-09-27,2025-11-27,413,47,1,49,2
"Sticky (feat. GloRilla, Sexyy Red & Lil Wayne)","Tyler, The Creator",2025-10-30,2025-11-27,29,5,2,10,5
Stickz N Stonez,J. Cole,2025-04-07,2025-04-08,2,18,18,48,30
Stories About My Brother,Drake,2024-11-18,2024-11-19,2,12,12,47,35
Story of My Life,One Direction,2025-10-19,2025-10-26,6,24,24,46,22
Strangers,Kenya Grace,2024-09-18,2025-01-13,83,41,15,50,9
Style,Taylor Swift,2024-07-16,2024-10-28,38,48,8,15,-33
Style (Taylor's Version),Taylor Swift,2024-10-29,2024-11-15,18,5,5,50,45
Suburban Legends (Taylor's Version) (From The Vault),Taylor Swift,2024-10-29,2024-11-11,14,6,5,45,39
Suicide Doors,Lil Uzi Vert,2024-07-02,2024-07-04,3,3,3,11,8
Summertime's Close,Zach Bryan,2024-08-26,2024-09-09,12,4,4,46,42
Sun to Me,Zach Bryan,2024-09-05,2025-10-19,82,49,33,50,1
Sunflower - Spider-Man: Into the Spider-Verse,Post Malone,2024-06-05,2024-07-28,44,48,26,47,-1
Super Freak,Rick James,2025-11-02,2025-11-02,1,35,35,35,0
Super Shy,NewJeans,2024-07-09,2024-09-09,51,37,9,50,13
Superhero (Heroes & Villains) [with Future & Chris Brown],Metro Boomin,2024-05-18,2024-07-08,40,25,25,48,23
Superman (Taylor’s Version),Taylor Swift,2024-07-09,2024-07-11,3,23,23,45,22
Sure Thing,Miguel,2024-05-18,2025-01-11,16,35,35,50,15
Surround Sound (feat. 21 Savage & Baby Tate),JID,2024-11-28,2025-03-23,109,49,9,44,-5
Sweater Weather,The Neighbourhood,2024-09-12,2025-11-27,183,49,21,48,-1
Sweet Dreams,Koe Wetzel,2025-05-24,2025-05-27,4,46,42,42,-4
Sweet Home Alabama,Lynyrd Skynyrd,2024-07-05,2025-07-06,3,26,26,47,21
Sympathy is a knife featuring ariana grande,Charli xcx,2025-10-13,2025-10-18,6,8,8,43,35
TALKING,Kanye West & Ty Dolla $ign,2025-02-12,2025-02-15,4,6,6,15,9
TALKING,¥$ & Kanye West & Ty Dolla $ign,2025-02-16,2025-02-17,2,20,20,32,12
TEFLON DON,Future,2025-09-22,2025-09-27,6,10,10,47,37
TELEFONO NUEVO,Bad Bunny,2024-10-14,2024-10-18,5,10,10,32,22
TELEKINESIS,Travis Scott,2024-07-29,2024-07-31,3,15,12,12,-3
TELEKINESIS (feat. SZA & Future),Travis Scott,2024-08-01,2024-10-06,67,12,10,30,18
TEXAS HOLD 'EM,Beyoncé,2025-02-14,2025-04-20,63,2,1,39,37
TGIF,GloRilla,2025-10-28,2025-10-29,2,37,36,36,-1
THANK GOD,Travis Scott,2024-07-29,2024-08-06,9,4,4,28,24
THE DINER,Billie Eilish,2025-05-19,2025-06-01,14,16,16,43,27
THE GREATEST,Billie Eilish,2025-05-19,2025-06-07,18,11,11,50,39
THUNDER Y LIGHTNING,Bad Bunny,2024-10-14,2024-10-15,2,30,30,30,0
TIL FURTHER NOTICE,Travis Scott,2024-07-29,2024-07-31,3,18,18,22,4
TIL FURTHER NOTICE (feat. James Blake & 21 Savage),Travis Scott,2024-08-01,2024-08-06,6,22,22,48,26
TOO FAST,Future,2025-09-22,2025-09-23,2,17,17,50,33
TOO MUCH,The Kid LAROI & Jung Kook & Central Cee,2024-10-21,2024-10-21,1,33,33,33,0
TOPIA TWINS,Travis Scott,2024-07-29,2024-07-31,3,10,4,7,-3
TOPIA TWINS (feat. Rob49 & 21 Savage),Travis Scott,2024-08-01,2024-08-18,18,7,7,35,28
TQG,KAROL G,2024-05-18,2024-05-18,1,50,50,50,0
TQM,Fuerza Regida,2024-05-22,2024-07-28,68,33,8,42,9
TULUM,Peso Pluma,2024-07-03,2024-08-20,22,47,28,50,3
TV,Billie Eilish,2025-11-09,2025-11-09,1,50,50,50,0
TYRANT,Beyoncé,2025-03-31,2025-04-03,4,33,33,43,10
"Take Me Home, Country Roads",John Denver,2024-07-05,2024-07-06,2,42,42,42,0
Take Two,BTS,2024-06-11,2024-06-11,1,17,17,17,0
Take Your Mask Off (feat. Daniel Caesar & LaToiya Williams),"Tyler, The Creator",2025-10-30,2025-11-10,12,10,8,50,40
Talk talk featuring troye sivan,Charli xcx,2025-10-13,2025-10-13,1,48,48,48,0
Talk talk featuring troye sivan,Charli xcx & Troye Sivan,2025-09-15,2025-09-15,1,46,46,46,0
Talking / Once Again,¥$ & Kanye West & Ty Dolla $ign,2025-02-11,2025-02-11,1,33,33,33,0
Taste,Sabrina Carpenter,2025-08-24,2025-11-27,96,2,1,23,21
Tell Ur Girlfriend,Lay Bankz,2025-04-11,2025-05-14,33,46,16,48,2
Temporary,Eminem,2025-07-14,2025-07-14,1,27,27,27,0
That Fiya,Lil Uzi Vert,2024-07-02,2024-07-02,1,20,20,20,0
That’s So True,Gracie Abrams,2025-10-20,2025-11-27,38,30,1,9,-21
The Addams Family,Andrew Gold,2025-11-02,2025-11-02,1,39,39,39,0
The Albatross,Taylor Swift,2025-04-21,2025-05-01,10,24,24,47,23
The Alchemy,Taylor Swift,2025-04-21,2025-05-15,21,11,11,48,37
The Black Dog,Taylor Swift,2025-04-21,2025-05-05,15,20,20,47,27
The Bolter,Taylor Swift,2025-04-21,2025-04-27,7,34,34,46,12
The Christmas Song (Merry Christmas To You),Nat King Cole,2024-11-24,2024-12-27,34,34,10,10,-24
The Emptiness Machine,Linkin Park,2025-09-08,2025-11-17,16,17,17,45,28
The End (feat. BABYMETAL),Lil Uzi Vert,2024-07-02,2024-07-02,1,43,43,43,0
The Great American Bar Scene,Zach Bryan,2025-07-06,2025-07-07,2,14,14,32,18
The Kind of Love We Make,Luke Combs,2024-05-30,2024-07-24,7,49,44,49,0
The Man He Sees in Me,Luke Combs,2025-06-14,2025-06-20,7,38,14,42,4
The Manuscript,Taylor Swift,2025-04-21,2025-04-25,5,36,36,49,13
The Prophecy,Taylor Swift,2025-04-21,2025-05-03,13,25,25,50,25
The Rush (feat. Big Time Rush),Lil Uzi Vert,2025-11-03,2025-11-03,1,33,33,33,0
The Shoe Fits,Drake,2024-11-18,2024-11-19,2,15,15,35,20
The Smallest Man Who Ever Lived,Taylor Swift,2025-04-21,2025-05-18,28,14,12,34,20
The Story Of Us (Taylor's Version),Taylor Swift,2024-07-09,2024-07-14,6,13,13,45,32
The Thin Grey Line,$uicideboy$,2025-06-16,2025-06-20,5,24,24,49,25
The Tortured Poets Department,Taylor Swift,2025-04-21,2025-05-18,28,5,5,45,40
The Way Back,Zach Bryan,2025-07-06,2025-07-09,3,36,36,50,14
"The girl, so confusing version with lorde",Charli xcx & Lorde,2025-06-22,2025-06-23,2,25,25,25,0
Thick Of It (feat. Trippie Redd),KSI & Trippie Redd,2025-10-14,2025-10-15,2,50,46,46,-4
Think U The Shit (Fart),Ice Spice,2025-01-28,2025-02-12,15,14,14,41,27
Thinkin Bout You,Frank Ocean,2025-02-24,2025-03-02,6,50,37,42,-8
Thinkin’ Bout Me,Morgan Wallen,2024-05-18,2025-10-14,323,27,21,47,20
This Christmas,Donny Hathaway,2024-12-23,2024-12-27,5,49,30,30,-19
This Is Halloween,Various Artists,2024-10-29,2025-11-03,6,47,4,21,-26
This Love (Taylor’s Version),Taylor Swift,2024-10-29,2024-11-03,6,21,21,48,27
This World's A Giant,Zach Bryan,2025-11-09,2025-11-11,3,27,11,31,4
Thought I Was Dead (feat. ScHoolboy Q & Santigold),"Tyler, The Creator",2025-10-30,2025-11-23,25,9,6,45,36
Thriller,Michael Jackson,2024-10-30,2025-11-03,5,49,7,34,-15
Thriller - 2003 Edit,Michael Jackson,2025-11-02,2025-11-02,1,23,23,23,0
Ticking,Zach Bryan,2024-08-26,2024-09-09,13,10,10,41,31
Timeless (Taylor’s Version) (From The Vault),Taylor Swift,2024-07-09,2024-07-14,6,16,16,41,25
Timeless (with Playboi Carti),The Weeknd & Playboi Carti,2025-09-29,2025-11-27,60,1,1,21,20
Tobey (feat. Big Sean and BabyTron),Eminem,2025-07-14,2025-07-21,8,20,20,45,25
Tobey (feat. Big Sean and BabyTron),Eminem & Big Sean & BabyTron,2025-07-04,2025-07-13,8,37,15,37,0
Tomorrow,"Tyler, The Creator",2025-10-30,2025-11-07,9,11,11,46,35
Too Cool To Die,Post Malone,2024-07-29,2024-07-29,1,38,38,38,0
Too Sweet,Hozier,2025-03-24,2025-11-18,230,2,1,49,47
Total Eclipse of the Heart,Bonnie Tyler,2025-04-10,2025-04-10,1,36,36,36,0
Tough,Quavo & Lana Del Rey,2025-07-05,2025-07-25,20,25,15,40,15
Tourniquet,Zach Bryan,2024-08-26,2024-10-06,42,14,8,48,34
Tradesman,Zach Bryan,2024-08-26,2024-09-02,8,18,18,43,25
Trae The Truth in Ibiza,J. Cole,2025-04-07,2025-04-07,1,34,34,34,0
Training Season,Dua Lipa,2025-02-18,2025-02-25,8,24,24,45,21
Trance (with Travis Scott & Young Thug),Metro Boomin,2024-05-18,2024-06-17,19,33,33,48,15
Tried Our Best,Drake,2024-10-07,2024-10-13,7,12,12,31,19
Trouble,Eminem,2025-07-14,2025-07-17,4,11,11,35,24
Try That In A Small Town,Jason Aldean,2024-07-22,2024-07-28,7,6,6,18,12
Tu Boda,Oscar Maydon & Fuerza Regida,2025-10-20,2025-11-27,39,41,11,40,-1
Turks & Caicos (feat. 21 Savage),Rod Wave,2024-09-17,2024-09-17,1,43,43,43,0
Two Faced,Linkin Park,2025-11-17,2025-11-17,1,46,46,46,0
Type Shit,Future & Metro Boomin,2025-03-24,2025-06-19,85,3,3,50,47
Tú Con Él,Rauw Alejandro,2025-11-17,2025-11-17,1,44,44,44,0
UN PREVIEW,Bad Bunny,2024-09-27,2024-10-18,17,3,3,43,40
UNA NOCHE EN MEDELLÍN - REMIX,KAROL G,2024-08-13,2024-08-13,1,40,40,40,0
Una Velita,Bad Bunny,2025-09-22,2025-09-22,1,20,20,20,0
Uncle M,Young Thug,2024-06-25,2024-06-25,1,38,38,38,0
Underneath the Tree,Kelly Clarkson,2024-11-24,2024-12-27,34,41,10,14,-27
Used To Be Young,Miley Cyrus,2024-08-26,2024-09-11,17,12,10,47,35
VOU 787,Bad Bunny,2024-10-14,2024-10-16,3,11,11,49,38
VUELVE CANDY B,Bad Bunny,2024-10-14,2024-10-15,2,22,22,22,0
VULTURES,Kanye West & Ty Dolla $ign,2025-02-13,2025-02-15,3,17,17,24,7
VULTURES,¥$ & Kanye West & Ty Dolla $ign,2025-02-17,2025-02-17,1,49,49,49,0
VVS,Peso Pluma,2024-06-25,2024-06-28,4,16,16,40,24
Virginia Beach,Drake,2024-10-07,2024-11-23,28,2,2,47,45
Vultures,¥$ & Kanye West & Ty Dolla $ign,2024-11-23,2025-02-16,2,34,33,33,-1
WHATCHU KNO ABOUT ME (feat. Sexyy Red),GloRilla,2025-11-16,2025-11-27,12,48,22,33,-15
WHERE SHE GOES,Bad Bunny,2024-05-21,2024-10-18,94,1,1,44,43
WHISKEY WHISKEY (feat. Morgan Wallen),Moneybagg Yo,2025-06-20,2025-06-23,3,43,38,38,-5
WILDFLOWER,Billie Eilish,2025-05-19,2025-11-27,147,10,10,27,17
WTFYM,Future & Metro Boomin,2025-03-24,2025-03-24,1,40,40,40,0
Wagon Wheel,Darius Rucker,2024-07-05,2024-07-06,2,41,41,41,0
Wanna Be (with Megan Thee Stallion),GloRilla,2025-04-08,2025-06-08,19,50,25,50,0
Want Me Dead (feat. 21 Savage),Young Thug,2024-06-25,2024-06-25,1,33,33,33,0
War Bout It (feat. 21 Savage),Lil Durk,2024-05-28,2024-05-30,3,13,13,48,35
Wasted On You,Morgan Wallen,2024-05-18,2025-04-20,193,28,14,49,21
Watch This - ARIZONATEARS Pluggnb Remix,Lil Uzi Vert & sped up nightcore & ARIZONATEARS,2024-05-18,2024-05-20,3,48,46,47,-1
Water,Tyla,2024-10-19,2025-03-05,52,33,11,50,17
We Don't Trust You,Future & Metro Boomin,2025-03-24,2025-04-06,13,4,4,44,40
We Found Love,Rihanna,2025-01-03,2025-01-03,1,38,38,38,0
We Good,Lil Uzi Vert,2025-11-03,2025-11-03,1,14,14,14,0
We Still Don't Trust You,Future & Metro Boomin,2025-04-14,2025-04-20,7,15,15,28,13
Welcome To New York (Taylor's Version),Taylor Swift,2024-10-29,2024-11-07,10,9,9,45,36
Werewolf (feat. Bring Me The Horizon),Lil Uzi Vert,2024-07-02,2024-07-04,3,24,24,49,25
What Don't Belong To Me,Post Malone,2025-08-17,2025-08-23,7,16,16,49,33
What Is This Feeling?,Wicked Movie Cast & Cynthia Erivo & Ariana Grande,2025-11-27,2025-11-27,1,45,45,45,0
"What Was I Made For? [From The Motion Picture ""Barbie""]",Billie Eilish,2024-07-16,2025-03-16,142,11,3,47,36
What Would Pluto Do,Drake,2024-10-07,2024-10-13,7,15,14,24,9
Whatever She Wants,Bryson Tiller,2025-02-19,2025-05-23,78,40,4,50,10
Whatever She Wants [BONUS],Bryson Tiller,2025-04-07,2025-04-16,10,21,17,24,3
When Emma Falls in Love (Taylor’s Version) (From The Vault),Taylor Swift,2024-07-09,2024-07-15,7,12,12,45,33
When It Rains It Pours,Luke Combs,2024-07-05,2025-07-30,6,43,43,50,7
Where the Wild Things Are,Luke Combs,2025-03-18,2025-08-02,46,50,34,44,-6
Whiskey Glasses,Morgan Wallen,2024-05-29,2024-07-25,9,50,39,49,-1
White Christmas - 1947 Version,Bing Crosby & Fred Astaire,2024-11-02,2024-12-27,56,42,11,11,-31
White Horse,Chris Stapleton,2024-11-11,2024-11-12,2,36,35,35,-1
Who,Jimin,2025-07-21,2025-11-27,129,18,1,20,2
Who Told You (feat. Drake),J Hus & Drake,2024-06-11,2024-06-11,1,31,31,31,0
Who’s Afraid of Little Old Me?,Taylor Swift,2025-04-21,2025-06-01,41,9,7,46,37
Wick Man,Drake,2024-11-18,2024-11-18,1,21,21,21,0
Wild Ones (feat. Jelly Roll),Jessie Murph & Jelly Roll,2025-04-14,2025-04-16,3,46,46,48,2
Wildest Dreams (Taylor's Version),Taylor Swift,2024-10-29,2024-11-14,15,10,10,50,40
Wildflower and Barley (feat. Allison Russell),Hozier,2025-03-24,2025-03-26,2,16,16,48,32
Wind Up Missin’ You,Tucker Wetmore,2025-06-09,2025-10-07,13,46,41,45,-1
Winter Wonderland - Remastered,Bing Crosby,2024-12-25,2024-12-27,3,48,46,46,-2
Winter Wonderland - Spotify Singles Holiday,Laufey,2024-12-24,2024-12-27,4,42,37,40,-2
"Wit Da Racks (feat. 21 Savage, Travis Scott & Yak Gotti)",Young Thug,2024-06-25,2024-06-25,1,13,13,13,0
Wonderful Christmastime - Edited Version / Remastered 2011,Paul McCartney,2024-12-11,2024-12-27,13,49,26,28,-21
Wonderland (Taylor's Version),Taylor Swift,2024-10-29,2024-11-03,6,19,19,41,22
World Tour (Aquafina),Juice WRLD,2025-09-12,2025-09-12,1,49,49,49,0
Wrong Ones (Feat. Tim McGraw),Post Malone,2025-08-17,2025-08-23,7,9,9,26,17
YA YA,Beyoncé,2025-03-31,2025-04-06,7,21,20,50,29
Yeah Glo!,GloRilla,2025-05-13,2025-07-05,28,48,32,46,-2
Yeah! (feat. Lil Jon & Ludacris),USHER,2025-02-13,2025-02-20,8,23,8,48,25
You Are In Love (Taylor's Version),Taylor Swift,2024-10-29,2024-11-03,6,22,22,43,21
You Broke My Heart,Drake,2024-11-18,2024-11-24,7,2,2,35,33
You Proof,Morgan Wallen,2024-05-18,2025-08-12,301,17,9,45,28
You Should Probably Leave,Chris Stapleton,2025-02-26,2025-02-27,2,46,46,46,0
Young Metro,Future & Metro Boomin,2025-03-24,2025-04-06,13,6,6,46,40
"Your Needs, My Needs",Noah Kahan,2024-06-11,2024-06-11,1,47,47,47,0
Yours,Post Malone,2025-08-17,2025-08-17,1,46,46,46,0
You’re Gonna Go Far,Noah Kahan,2024-06-11,2024-06-11,1,39,39,39,0
You’re Losing Me (From The Vault),Taylor Swift,2024-11-30,2024-12-16,16,1,1,50,49
Zoom (Bonus Track),Lil Uzi Vert,2024-07-02,2024-07-02,1,32,32,32,0
act ii: date @ 8,4batz,2025-01-18,2025-03-13,52,44,25,44,0
act ii: date @ 8 (feat. Drake) - remix,4batz & Drake,2025-03-10,2025-03-23,13,16,16,49,33
all of me,21 Savage,2025-01-14,2025-01-24,10,8,8,49,41
all-american bitch,Olivia Rodrigo,2024-09-10,2024-10-06,27,4,4,38,34
august,Taylor Swift,2024-08-03,2025-08-03,39,9,9,17,8
back at it,Gunna,2024-06-18,2024-06-18,1,44,44,44,0
back to the moon,Gunna,2024-06-18,2024-06-19,2,18,18,37,19
bad idea right?,Olivia Rodrigo,2024-08-13,2024-11-10,83,1,1,48,47
ballad of a homeschooled girl,Olivia Rodrigo,2024-09-10,2024-09-23,14,10,10,32,22
bye,Ariana Grande,2025-03-10,2025-03-23,13,2,2,33,31
cardigan,Taylor Swift,2024-08-07,2024-10-26,13,48,36,50,2
dangerous,21 Savage,2025-01-14,2025-01-18,5,15,15,40,25
"dodger blue (feat. wallie the sensei, roddy ricch, siete7x)",Kendrick Lamar,2025-11-24,2025-11-24,1,10,10,10,0
"dodger blue (feat. wallie the sensei, siete7x, roddy ricch)",Kendrick Lamar,2025-11-26,2025-11-27,2,8,7,7,-1
"dodger blue (feat. wallie the sensei, siete7x, roddy ricch))",Kendrick Lamar,2025-11-25,2025-11-25,1,8,8,8,0
don't wanna break up again,Ariana Grande,2025-03-10,2025-03-21,11,7,7,48,41
eternal sunshine,Ariana Grande,2025-03-10,2025-03-23,13,5,5,28,23
euphoria,Kendrick Lamar,2025-05-02,2025-07-03,63,19,1,50,31
exes,Tate McRae,2024-11-18,2025-02-10,66,13,13,46,33
fukumean,Gunna,2024-06-19,2025-02-18,236,40,1,50,10
get him back!,Olivia Rodrigo,2024-09-10,2024-10-13,34,3,3,41,38
girl i’ve always been,Olivia Rodrigo,2025-03-24,2025-03-24,1,29,29,29,0
gloria (feat. sza),Kendrick Lamar,2025-11-24,2025-11-24,1,17,17,17,0
gloria (with sza),Kendrick Lamar,2025-11-25,2025-11-27,3,12,12,15,3
"gnx (feat. hitta j3, youngthreat, peysoh)",Kendrick Lamar,2025-11-24,2025-11-27,4,15,11,16,1
golden hour,JVKE,2024-05-18,2024-06-30,40,31,31,49,18
greedy,Tate McRae,2024-09-17,2025-05-02,216,15,3,41,26
heart pt. 6,Kendrick Lamar,2025-11-24,2025-11-27,4,12,9,12,0
hey now (feat. dody6),Kendrick Lamar,2025-11-24,2025-11-27,4,5,5,5,0
i like the way you kiss me,Artemas,2025-03-27,2025-07-04,100,46,3,46,0
i wish i hated you,Ariana Grande,2025-03-10,2025-03-17,7,21,19,42,21
if u think i'm pretty,Artemas,2025-04-11,2025-04-19,6,50,46,47,-3
imgonnagetyouback,Taylor Swift,2025-04-21,2025-05-05,15,22,22,44,22
imperfect for you,Ariana Grande,2025-03-10,2025-03-17,7,23,22,44,21
intro (end of the world),Ariana Grande,2025-03-10,2025-03-20,9,8,8,48,40
just like me,21 Savage,2025-01-14,2025-01-15,2,46,46,46,0
lacy,Olivia Rodrigo,2024-09-10,2024-09-27,18,11,10,46,35
letter to my brudda,21 Savage,2025-01-14,2025-01-15,2,36,36,36,0
logical,Olivia Rodrigo,2024-09-10,2024-09-23,14,9,9,35,26
loml,Taylor Swift,2025-04-21,2025-05-12,22,13,13,44,31
love hotel,leftovermax,2025-05-24,2025-05-24,1,37,37,37,0
love is embarrassing,Olivia Rodrigo,2024-09-10,2024-09-23,14,12,12,33,21
luther (with sza),Kendrick Lamar,2025-11-24,2025-11-27,4,3,2,3,0
making the bed,Olivia Rodrigo,2024-09-10,2024-09-23,14,7,7,26,19
man at the garden,Kendrick Lamar,2025-11-24,2025-11-27,4,4,4,8,4
meet the grahams,Kendrick Lamar,2025-05-07,2025-05-19,13,9,5,35,26
misses,Dominic Fike,2025-07-24,2025-07-31,2,47,47,48,1
n.h.i.e.,21 Savage,2025-01-14,2025-01-27,14,6,6,38,32
née-nah,21 Savage,2025-01-14,2025-02-10,27,4,4,47,43
obsessed,Olivia Rodrigo,2025-03-24,2025-04-20,27,9,9,33,24
on one tonight,Gunna,2025-11-11,2025-11-23,3,50,48,48,-2
one of wun,Gunna,2025-05-17,2025-11-07,68,44,19,49,5
ordinary things (feat. Nonna),Ariana Grande,2025-03-10,2025-03-15,5,28,28,49,21
peekaboo (feat. azchike),Kendrick Lamar,2025-11-24,2025-11-27,4,11,9,11,0
pop ur shit,21 Savage,2025-01-14,2025-01-18,5,13,13,38,25
pretty isn’t pretty,Olivia Rodrigo,2024-09-10,2024-09-23,14,14,14,50,36
prove it,21 Savage,2025-01-14,2025-01-16,3,25,25,42,17
red sky,21 Savage,2025-01-14,2025-01-16,3,29,29,45,16
redrum,21 Savage,2025-01-14,2025-05-18,115,3,2,48,45
reincarnated,Kendrick Lamar,2025-11-24,2025-11-27,4,7,6,6,-1
run for the hills,Tate McRae,2024-12-10,2024-12-14,4,34,34,46,12
scared of my guitar,Olivia Rodrigo,2025-03-24,2025-03-24,1,32,32,32,0
see the real,21 Savage,2025-01-14,2025-01-15,2,39,39,39,0
should've wore a bonnet,21 Savage,2025-01-14,2025-01-17,4,21,21,46,25
sneaky,21 Savage,2025-01-14,2025-01-20,6,17,17,46,29
so american,Olivia Rodrigo,2025-03-24,2025-03-30,6,20,20,42,22
squabble up,Kendrick Lamar,2025-11-24,2025-11-27,4,1,1,1,0
stranger,Olivia Rodrigo,2025-03-24,2025-03-24,1,30,30,30,0
supernatural,Ariana Grande,2025-03-10,2025-03-22,12,9,9,46,37
teenage dream,Olivia Rodrigo,2024-09-10,2024-09-19,9,17,17,48,31
thanK you aIMee,Taylor Swift,2025-04-21,2025-04-29,9,18,18,46,28
the boy is mine,Ariana Grande,2025-03-10,2025-04-06,23,4,4,40,36
the grudge,Olivia Rodrigo,2024-09-10,2024-10-01,22,6,6,48,42
true story,Ariana Grande,2025-03-10,2025-03-18,8,11,11,48,37
tv off (feat. lefty gunplay),Kendrick Lamar,2025-11-24,2025-11-27,4,6,2,2,-4
un x100to,Grupo Frontera,2024-08-05,2024-09-17,21,34,21,48,14
un x100to,Grupo Frontera & Bad Bunny,2024-05-18,2024-08-04,79,4,3,41,37
us. (feat. Taylor Swift),Gracie Abrams,2025-06-22,2025-06-29,8,12,12,43,31
vampire,Olivia Rodrigo,2024-07-02,2025-03-30,257,1,1,44,43
wacced out murals,Kendrick Lamar,2025-11-24,2025-11-27,4,2,2,4,2
we can't be friends (wait for your love),Ariana Grande,2025-03-10,2025-07-26,116,3,1,50,47
we fell in love in october,girl in red,2024-10-04,2025-10-11,11,48,38,48,0
x2,Lil Uzi Vert,2024-07-02,2024-07-04,3,8,8,43,35
"yes, and?",Ariana Grande,2025-01-14,2025-03-23,43,1,1,29,28
you look like you love me (feat. Riley Green),Ella Langley & Riley Green,2025-06-29,2025-07-20,18,40,22,41,1
